character_class,slot,focus_effect,item,item_url,ac,hp,mana,era,flags
Bard,Arms,Burning Affliction I,Hollowed Bone Bracers,https://eqlwiki.com/Hollowed_Bone_Bracers,6,,15,Classic Era,MAGIC ITEM
Bard,Arms,Enhancement Haste I,Gatorscale Sleeves,https://eqlwiki.com/Gatorscale_Sleeves,6,15,,Classic Era,MAGIC ITEM
Bard,Arms,Extended Range I,Drake-hide Sleeves,https://eqlwiki.com/Drake-hide_Sleeves,4,10,,Classic Era,MAGIC ITEM
Bard,Arms,Improved Damage I,Azure Sleeves,https://eqlwiki.com/Azure_Sleeves,12,,,Classic Era,MAGIC ITEM
Bard,Arms,Mana Preservation I,Platinum Armband,https://eqlwiki.com/Platinum_Armband,,,,Classic Era,MAGIC ITEM
Bard,Arms,Summoning Efficiency II,Embroidered Black Sleeves,https://eqlwiki.com/Embroidered_Black_Sleeves,4,10,25,,MAGIC ITEM
Bard,Back,Improved Damage I,Mammoth Hide Cloak,https://eqlwiki.com/Mammoth_Hide_Cloak,7,,,,
Bard,Back,Improved Damage III,White Dragonscale Cloak,https://eqlwiki.com/White_Dragonscale_Cloak,10,,75,Classic Era,MAGIC ITEM
Bard,Chest,Extended Enhancement I,Lockjaw Hide Vest,https://eqlwiki.com/Lockjaw_Hide_Vest,12,,,Classic Era,MAGIC ITEM
Bard,Chest,Mana Preservation I,Vagrant's Tunic,https://eqlwiki.com/Vagrant's_Tunic,8,5,,Classic Era,ATTUNABLE
Bard,Chest,Spell Haste II,Mithril-Runed Tunic,https://eqlwiki.com/Mithril-Runed_Tunic,10,,,,MAGIC ITEM
Bard,Ear,Affliction Efficiency I,Diamondine Earring,https://eqlwiki.com/Diamondine_Earring,2,12,,Classic Era,MAGIC ITEM
Bard,Ear,Burning Affliction I,Golden Ear Stud,https://eqlwiki.com/Golden_Ear_Stud,,,,,
Bard,Ear,Mana Preservation I,Polished Bone Hoop,https://eqlwiki.com/Polished_Bone_Hoop,,,10,,
Bard,Ear,Reagent Conservation I,Batskull Earring,https://eqlwiki.com/Batskull_Earring,,,,Classic Era,MAGIC ITEM
Bard,Face,Improved Damage II,Polished Mithril Mask,https://eqlwiki.com/Polished_Mithril_Mask,5,,,,MAGIC ITEM|LORE ITEM|NO DROP
Bard,Face,Improved Healing I,Emissary Mask,https://eqlwiki.com/Emissary_Mask,4,,,Classic Era,ATTUNABLE
Bard,Face,Reanimation Efficiency I,Lizardskin Tribal Mask,https://eqlwiki.com/Lizardskin_Tribal_Mask,3,,,,MAGIC ITEM
Bard,Face,Reanimation Haste I,Carved Ivory Mask,https://eqlwiki.com/Carved_Ivory_Mask,2,10,,,MAGIC ITEM
Bard,Feet,Burning Affliction II,Kobold-Hide Boots,https://eqlwiki.com/Kobold-Hide_Boots,5,10,,Classic Era,MAGIC ITEM
Bard,Feet,Enhancement Haste II,Golden Efreeti Boots,https://eqlwiki.com/Golden_Efreeti_Boots,5,,,Classic Era,MAGIC ITEM
Bard,Feet,Extended Enhancement I,Bear-hide Boots,https://eqlwiki.com/Bear-hide_Boots,5,,,,
Bard,Feet,Spell Haste I,Wolf Fur Slippers,https://eqlwiki.com/Wolf_Fur_Slippers,2,,20,Classic Era,MAGIC ITEM
Bard,Fingers,Affliction Haste I,Ring of Goblin Lords,https://eqlwiki.com/Ring_of_Goblin_Lords,4,,,,LORE ITEM
Bard,Fingers,Extended Enhancement II,Clawed Knuckle-Ring,https://eqlwiki.com/Clawed_Knuckle-Ring,,20,,,MAGIC ITEM
Bard,Fingers,Extended Range II,Moonstone Ring,https://eqlwiki.com/Moonstone_Ring,,,30,,MAGIC ITEM
Bard,Fingers,Reanimation Efficiency II,Platinum Skull Ring,https://eqlwiki.com/Platinum_Skull_Ring,,30,20,,MAGIC ITEM
Bard,Fingers,Spell Haste II,Djarns Amethyst Ring,https://eqlwiki.com/Djarns_Amethyst_Ring,,80,,,MAGIC ITEM|LORE ITEM
Bard,Fingers,Summoning Efficiency I,Band of Flesh,https://eqlwiki.com/Band_of_Flesh,,,,,MAGIC ITEM
Bard,Fingers,Summoning Haste I,Adamantite Band,https://eqlwiki.com/Adamantite_Band,,75,,Classic Era,MAGIC ITEM
Bard,Hands,Affliction Efficiency I,Impskin Gloves,https://eqlwiki.com/Impskin_Gloves,2,,10,,MAGIC ITEM
Bard,Hands,Improved Damage I,Lupine Claw Gauntlets,https://eqlwiki.com/Lupine_Claw_Gauntlets,4,,,,MAGIC ITEM
Bard,Head,Burning Affliction II,Siryn Hair Hood,https://eqlwiki.com/Siryn_Hair_Hood,5,,,,MAGIC ITEM
Bard,Head,Enhancement Haste I,Cat Skull Cap,https://eqlwiki.com/Cat_Skull_Cap,4,,,Classic Era,MAGIC ITEM|LORE ITEM|NO DROP
Bard,Head,Enhancement Haste I,Etched Iron Helm,https://eqlwiki.com/Etched_Iron_Helm,11,,,Classic Era,
Bard,Head,Enhancement Haste II,Platinum Tiara,https://eqlwiki.com/Platinum_Tiara,3,35,50,,MAGIC ITEM|LORE ITEM
Bard,Head,Extended Enhancement I,Shazda Turban,https://eqlwiki.com/Shazda_Turban,,,,,MAGIC ITEM|LORE ITEM
Bard,Head,Extended Enhancement II,Batfang Headband,https://eqlwiki.com/Batfang_Headband,2,,,Classic Era,MAGIC ITEM
Bard,Head,Improved Healing I,Turtleshell Helm,https://eqlwiki.com/Turtleshell_Helm,5,,,,MAGIC ITEM
Bard,Head,Mana Preservation II,Mane Attraction,https://eqlwiki.com/Mane_Attraction,4,,,,LORE ITEM|NO DROP
Bard,Head,Reagent Conservation II,Crown of Leaves,https://eqlwiki.com/Crown_of_Leaves,1,,,,
Bard,Head,Reagent Conservation II,Fine Silk Turban,https://eqlwiki.com/Fine_Silk_Turban,10,,,,MAGIC ITEM
Bard,Head,Reagent Conservation II,Savant's Cap,https://eqlwiki.com/Savant's_Cap,2,,,,MAGIC ITEM
Bard,Head,Reanimation Efficiency II,Runed Cowl,https://eqlwiki.com/Runed_Cowl,2,,,Classic Era,MAGIC ITEM
Bard,Head,Reanimation Haste I,Nightshade Wreath,https://eqlwiki.com/Nightshade_Wreath,1,,,,MAGIC ITEM
Bard,Legs,Reagent Conservation I,Drake-hide Leggings,https://eqlwiki.com/Drake-hide_Leggings,5,,,,MAGIC ITEM
Bard,Neck,Affliction Efficiency II,White Gold Necklace,https://eqlwiki.com/White_Gold_Necklace,,,,,MAGIC ITEM
Bard,Neck,Affliction Haste II,Chrysoberyl Talisman,https://eqlwiki.com/Chrysoberyl_Talisman,5,,20,,MAGIC ITEM|LORE ITEM
Bard,Neck,Burning Affliction I,Allize Volew Medicine Bag,https://eqlwiki.com/Allize_Volew_Medicine_Bag,,,,,MAGIC ITEM|LORE ITEM
Bard,Neck,Burning Affliction I,Aviak Charm,https://eqlwiki.com/Aviak_Charm,,,,,MAGIC ITEM|LORE ITEM|NO DROP
Bard,Neck,Enhancement Haste I,Cape of Midnight Mist,https://eqlwiki.com/Cape_of_Midnight_Mist,2,,,Classic Era,MAGIC ITEM
Bard,Neck,Extended Range I,An Elven Charm Necklace,https://eqlwiki.com/An_Elven_Charm_Necklace,,,,Classic Era,LORE ITEM
Bard,Neck,Extended Range I,Elven Charm Necklace,https://eqlwiki.com/Elven_Charm_Necklace,,,,Classic Era,
Bard,Neck,Extended Range I,Glowing Bone Collar,https://eqlwiki.com/Glowing_Bone_Collar,5,25,25,Classic Era,MAGIC ITEM|LORE ITEM
Bard,Neck,Mana Preservation II,Black Alloy Medallion,https://eqlwiki.com/Black_Alloy_Medallion,6,,,Classic Era,MAGIC ITEM
Bard,Neck,Spell Haste I,Beaded Slime Necklace,https://eqlwiki.com/Beaded_Slime_Necklace,,,,,
Bard,Primary,Brass Resonance 12,Efreeti War Horn,https://eqlwiki.com/Efreeti_War_Horn,,,,Sky Era,MAGIC ITEM|LORE ITEM
Bard,Primary,Brass Resonance 12,Verlekarnorm's Horn of Disaster,https://eqlwiki.com/Verlekarnorm's_Horn_of_Disaster,50,,,Velious Era,MAGIC ITEM|LORE ITEM|NO DROP
Bard,Primary,Brass Resonance 14,McVaxius` Horn of War,https://eqlwiki.com/McVaxius`_Horn_of_War,,,,,MAGIC ITEM|LORE ITEM
Bard,Primary,Brass Resonance 15,Denon's Horn of Disaster,https://eqlwiki.com/Denon's_Horn_of_Disaster,,50,,Sky Era,MAGIC ITEM|LORE ITEM|NO DROP
Bard,Primary,Improved Healing III,Idol of the Underking,https://eqlwiki.com/Idol_of_the_Underking,,20,20,Classic Era,MAGIC ITEM|LORE ITEM
Bard,Primary,Percussion Resonance 11,Mistmoore Battle Drums,https://eqlwiki.com/Mistmoore_Battle_Drums,,,,,ATTUNEABLE|PLACEABLE
Bard,Primary,Percussion Resonance 14,Selo`s Drums of the March,https://eqlwiki.com/Selo`s_Drums_of_the_March,,,,,MAGIC ITEM
Bard,Primary,Percussion Resonance 16,Drums of the Beast,https://eqlwiki.com/Drums_of_the_Beast,,,,Velious Era,MAGIC ITEM|LORE ITEM
Bard,Primary,String Resonance 11,Gypsy Lute,https://eqlwiki.com/Gypsy_Lute,,,,,
Bard,Primary,String Resonance 11,Lute of the Gypsy Princess,https://eqlwiki.com/Lute_of_the_Gypsy_Princess,,,,,ATTUNABLE|PLACEABLE
Bard,Primary,String Resonance 12,Lute of the Howler,https://eqlwiki.com/Lute_of_the_Howler,,,,Velious Era,MAGIC ITEM
Bard,Primary,String Resonance 15,Lyran's Mystical Lute,https://eqlwiki.com/Lyran's_Mystical_Lute,,,,Kunark Era,MAGIC ITEM|LORE ITEM|NO DROP
Bard,Primary,Wind Resonance 0,Crude Wooden Flute,https://eqlwiki.com/Crude_Wooden_Flute,,,,Sky Era,LORE ITEM|NO DROP
Bard,Primary,Wind Resonance 10,Minotaur Horn,https://eqlwiki.com/Minotaur_Horn,,,,Classic Era,
Bard,Primary,Wind Resonance 12,Agilmente's Flute of Flight,https://eqlwiki.com/Agilmente's_Flute_of_Flight,,,,Sky Era,MAGIC ITEM|LORE ITEM|NO DROP
Bard,Primary,Wind Resonance 12,Ervaj's Flute of Flight,https://eqlwiki.com/Ervaj's_Flute_of_Flight,,,,Classic Era,MAGIC ITEM|LORE ITEM|NO DROP
Bard,Range,Improved Healing III,Idol of the Underking,https://eqlwiki.com/Idol_of_the_Underking,,20,20,Classic Era,MAGIC ITEM|LORE ITEM
Bard,Secondary,Brass Resonance 10,Horn,https://eqlwiki.com/Horn,,,,,
Bard,Secondary,Brass Resonance 11,Conch Shell Horn,https://eqlwiki.com/Conch_Shell_Horn,,,,Velious Era,MAGIC ITEM
Bard,Secondary,Brass Resonance 14,Immaculate Shell Horn,https://eqlwiki.com/Immaculate_Shell_Horn,,,,Velious Era,MAGIC ITEM|LORE ITEM
Bard,Secondary,Brass Resonance 14,McVaxius` Horn of War,https://eqlwiki.com/McVaxius`_Horn_of_War,,,,,MAGIC ITEM|LORE ITEM
Bard,Secondary,Brass Resonance 8,Alluring Horn,https://eqlwiki.com/Alluring_Horn,,,,EpicQuests Era,MAGIC ITEM|LORE ITEM|NO DROP
Bard,Secondary,Extended Enhancement III,Rokyls Channelling Crystal,https://eqlwiki.com/Rokyls_Channelling_Crystal,10,50,50,,MAGIC ITEM|LORE ITEM
Bard,Secondary,Improved Damage I,Spiked Buckler,https://eqlwiki.com/Spiked_Buckler,10,,,Classic Era,
Bard,Secondary,Improved Healing III,Idol of the Underking,https://eqlwiki.com/Idol_of_the_Underking,,20,20,Classic Era,MAGIC ITEM|LORE ITEM
Bard,Secondary,Mana Preservation I,Testament of Vanear,https://eqlwiki.com/Testament_of_Vanear,,,10,,MAGIC ITEM|LORE ITEM|NO DROP
Bard,Secondary,Percussion Resonance 11,Mahlin's Mystical Bongos,https://eqlwiki.com/Mahlin's_Mystical_Bongos,,,,EpicQuests Era,MAGIC ITEM|LORE ITEM
Bard,Secondary,Percussion Resonance 11,Mistmoore Battle Drums,https://eqlwiki.com/Mistmoore_Battle_Drums,,,,,ATTUNEABLE|PLACEABLE
Bard,Secondary,Percussion Resonance 12,Nostrolo Tambourine,https://eqlwiki.com/Nostrolo_Tambourine,,,,Kunark Era,MAGIC ITEM|LORE ITEM|NO TRADE
Bard,Secondary,Percussion Resonance 12,Sharkskin Drum,https://eqlwiki.com/Sharkskin_Drum,,,,,MAGIC ITEM
Bard,Secondary,Percussion Resonance 13,Walrus Skin Drum,https://eqlwiki.com/Walrus_Skin_Drum,,,,Velious Era,MAGIC ITEM|LORE ITEM
Bard,Secondary,Percussion Resonance 14,Selo`s Drums of the March,https://eqlwiki.com/Selo`s_Drums_of_the_March,,,,,MAGIC ITEM
Bard,Secondary,Percussion Resonance 8,Hand Drum,https://eqlwiki.com/Hand_Drum,,,,,
Bard,Secondary,String Resonance 10,Lute,https://eqlwiki.com/Lute,,,,,
Bard,Secondary,String Resonance 10,Mandolin,https://eqlwiki.com/Mandolin,,,,Classic Era,
Bard,Secondary,String Resonance 11,Gypsy Lute,https://eqlwiki.com/Gypsy_Lute,,,,,
Bard,Secondary,String Resonance 11,Lute of the Gypsy Princess,https://eqlwiki.com/Lute_of_the_Gypsy_Princess,,,,,ATTUNABLE|PLACEABLE
Bard,Secondary,String Resonance 11,Mystical Lute,https://eqlwiki.com/Mystical_Lute,,,,EpicQuests Era,MAGIC ITEM|LORE ITEM
Bard,Secondary,String Resonance 14,Kelin`s Seven Stringed Lute,https://eqlwiki.com/Kelin`s_Seven_Stringed_Lute,,,,,MAGIC ITEM|LORE ITEM|NO DROP
Bard,Secondary,String Resonance 14,Lyendlln's Lute,https://eqlwiki.com/Lyendlln's_Lute,10,25,,Velious Era,MAGIC ITEM|LORE ITEM
Bard,Secondary,String Resonance 15,Lyran's Mystical Lute,https://eqlwiki.com/Lyran's_Mystical_Lute,,,,Kunark Era,MAGIC ITEM|LORE ITEM|NO DROP
Bard,Secondary,Summoning Haste I,A Shimmering Orb,https://eqlwiki.com/A_Shimmering_Orb,15,20,,Classic Era,MAGIC ITEM|LORE ITEM
Bard,Secondary,Wind Resonance 0,Broken Minotaur Lord's Horn,https://eqlwiki.com/Broken_Minotaur_Lord's_Horn,,,,,LORE ITEM|NO DROP
Bard,Secondary,Wind Resonance 0,Lianna's Flute,https://eqlwiki.com/Lianna's_Flute,,,,Temple Era,LORE ITEM|NO DROP
Bard,Secondary,Wind Resonance 10,Minotaur Horn,https://eqlwiki.com/Minotaur_Horn,,,,Classic Era,
Bard,Secondary,Wind Resonance 10,Scorpion Pincer,https://eqlwiki.com/Scorpion_Pincer,,,,,QUEST ITEM
Bard,Secondary,Wind Resonance 11,Brahhms Horn,https://eqlwiki.com/Brahhms_Horn,,,,Classic Era,
Bard,Secondary,Wind Resonance 11,Faun Flute,https://eqlwiki.com/Faun_Flute,,,,,MAGIC ITEM
Bard,Secondary,Wind Resonance 12,Unicorn Horn,https://eqlwiki.com/Unicorn_Horn,,,,Classic Era,MAGIC ITEM
Bard,Secondary,Wind Resonance 14,Lyssa`s Darkwood Piccolo,https://eqlwiki.com/Lyssa`s_Darkwood_Piccolo,,,,,MAGIC ITEM
Bard,Secondary,Wind Resonance 15,Flute of the Sacred Glade,https://eqlwiki.com/Flute_of_the_Sacred_Glade,,,,Velious Era,MAGIC ITEM|LORE ITEM
Bard,Secondary,Wind Resonance 8,Wooden Flute,https://eqlwiki.com/Wooden_Flute,,,,,
Bard,Shoulders,Enhancement Haste I,Braided Ivy Cords,https://eqlwiki.com/Braided_Ivy_Cords,4,,,Classic Era,MAGIC ITEM
Bard,Shoulders,Spell Haste I,Gilded Cloth,https://eqlwiki.com/Gilded_Cloth,3,,,,MAGIC ITEM
Bard,Waist,Burning Affliction II,Reed Belt,https://eqlwiki.com/Reed_Belt,6,10,,Classic Era,MAGIC ITEM
Bard,Waist,Burning Affliction III,Bone-Clasped Girdle,https://eqlwiki.com/Bone-Clasped_Girdle,4,75,75,Classic Era,MAGIC ITEM
Bard,Waist,Extended Enhancement II,Drakescale Belt,https://eqlwiki.com/Drakescale_Belt,5,,,Classic Era,
Bard,Waist,Summoning Haste III,Brell's Girdle,https://eqlwiki.com/Brell's_Girdle,10,,50,Classic Era,MAGIC ITEM|LORE ITEM
Bard,Wrist,Affliction Efficiency I,Polished Bone Bracelet,https://eqlwiki.com/Polished_Bone_Bracelet,2,,,Classic Era,MAGIC ITEM
Bard,Wrist,Affliction Efficiency II,Chipped Bone Bracelet,https://eqlwiki.com/Chipped_Bone_Bracelet,4,,,Classic Era,MAGIC ITEM
Bard,Wrist,Affliction Haste I,Granite Bracer,https://eqlwiki.com/Granite_Bracer,5,,,,MAGIC ITEM
Bard,Wrist,Burning Affliction II,Serpentine Bracer,https://eqlwiki.com/Serpentine_Bracer,1,,,Classic Era,MAGIC ITEM
Bard,Wrist,Reagent Conservation I,Happy Love Bracers,https://eqlwiki.com/Happy_Love_Bracers,1,,,,LORE ITEM|NO DROP
Bard,Wrist,Reagent Conservation II,Amethyst Bracelet,https://eqlwiki.com/Amethyst_Bracelet,5,15,,,MAGIC ITEM
Bard,Wrist,Reagent Conservation III,Runed Mithril Bracer,https://eqlwiki.com/Runed_Mithril_Bracer,4,,,Classic Era,MAGIC ITEM
Bard,Wrist,Reanimation Haste I,Ivory Bracelet,https://eqlwiki.com/Ivory_Bracelet,,,20,Classic Era,MAGIC ITEM
Bard,Wrist,Spell Haste I,Bracelet of Woven Grass,https://eqlwiki.com/Bracelet_of_Woven_Grass,1,12,,,MAGIC ITEM
Beastlord,Arms,Enhancement Haste I,Gatorscale Sleeves,https://eqlwiki.com/Gatorscale_Sleeves,6,15,,Classic Era,MAGIC ITEM
Beastlord,Arms,Extended Range I,Drake-hide Sleeves,https://eqlwiki.com/Drake-hide_Sleeves,4,10,,Classic Era,MAGIC ITEM
Beastlord,Arms,Improved Damage I,Azure Sleeves,https://eqlwiki.com/Azure_Sleeves,12,,,Classic Era,MAGIC ITEM
Beastlord,Arms,Mana Preservation I,Platinum Armband,https://eqlwiki.com/Platinum_Armband,,,,Classic Era,MAGIC ITEM
Beastlord,Back,Improved Damage I,Mammoth Hide Cloak,https://eqlwiki.com/Mammoth_Hide_Cloak,7,,,,
Beastlord,Back,Improved Damage III,White Dragonscale Cloak,https://eqlwiki.com/White_Dragonscale_Cloak,10,,75,Classic Era,MAGIC ITEM
Beastlord,Chest,Extended Enhancement I,Lockjaw Hide Vest,https://eqlwiki.com/Lockjaw_Hide_Vest,12,,,Classic Era,MAGIC ITEM
Beastlord,Chest,Mana Preservation I,Vagrant's Tunic,https://eqlwiki.com/Vagrant's_Tunic,8,5,,Classic Era,ATTUNABLE
Beastlord,Chest,Spell Haste II,Mithril-Runed Tunic,https://eqlwiki.com/Mithril-Runed_Tunic,10,,,,MAGIC ITEM
Beastlord,Ear,Affliction Efficiency I,Diamondine Earring,https://eqlwiki.com/Diamondine_Earring,2,12,,Classic Era,MAGIC ITEM
Beastlord,Ear,Burning Affliction I,Golden Ear Stud,https://eqlwiki.com/Golden_Ear_Stud,,,,,
Beastlord,Ear,Jolum's Abatement,Summoned: Jolum's Shiny Bauble,https://eqlwiki.com/Summoned:_Jolum's_Shiny_Bauble,4,10,10,Classic Era,MAGIC ITEM|TEMPORARY|EQUIPPED|LORE
Beastlord,Ear,Jolum's Major Abatement,Summoned: Jolum's Brilliant Bauble,https://eqlwiki.com/Summoned:_Jolum's_Brilliant_Bauble,6,20,20,Classic Era,MAGIC ITEM|TEMPORARY|EQUIPPED|LORE
Beastlord,Ear,Jolum's Minor Abatement,Summoned: Jolum's Tarnished Bauble,https://eqlwiki.com/Summoned:_Jolum's_Tarnished_Bauble,2,5,5,Classic Era,MAGIC ITEM|TEMPORARY|EQUIPPED|LORE
Beastlord,Ear,Jolum's Superior Abatement,Summoned: Jolum's Glowing Bauble,https://eqlwiki.com/Summoned:_Jolum's_Glowing_Bauble,6,20,20,Velious Era,MAGIC ITEM|TEMPORARY|EQUIPPED|LORE
Beastlord,Ear,Mana Preservation I,Polished Bone Hoop,https://eqlwiki.com/Polished_Bone_Hoop,,,10,,
Beastlord,Ear,Reagent Conservation I,Batskull Earring,https://eqlwiki.com/Batskull_Earring,,,,Classic Era,MAGIC ITEM
Beastlord,Face,Improved Damage II,Polished Mithril Mask,https://eqlwiki.com/Polished_Mithril_Mask,5,,,,MAGIC ITEM|LORE ITEM|NO DROP
Beastlord,Face,Reanimation Efficiency I,Lizardskin Tribal Mask,https://eqlwiki.com/Lizardskin_Tribal_Mask,3,,,,MAGIC ITEM
Beastlord,Face,Reanimation Haste I,Carved Ivory Mask,https://eqlwiki.com/Carved_Ivory_Mask,2,10,,,MAGIC ITEM
Beastlord,Feet,Burning Affliction II,Kobold-Hide Boots,https://eqlwiki.com/Kobold-Hide_Boots,5,10,,Classic Era,MAGIC ITEM
Beastlord,Feet,Enhancement Haste II,Golden Efreeti Boots,https://eqlwiki.com/Golden_Efreeti_Boots,5,,,Classic Era,MAGIC ITEM
Beastlord,Feet,Extended Enhancement I,Bear-hide Boots,https://eqlwiki.com/Bear-hide_Boots,5,,,,
Beastlord,Feet,Spell Haste I,Wolf Fur Slippers,https://eqlwiki.com/Wolf_Fur_Slippers,2,,20,Classic Era,MAGIC ITEM
Beastlord,Fingers,Affliction Haste I,Ring of Goblin Lords,https://eqlwiki.com/Ring_of_Goblin_Lords,4,,,,LORE ITEM
Beastlord,Fingers,Extended Enhancement II,Clawed Knuckle-Ring,https://eqlwiki.com/Clawed_Knuckle-Ring,,20,,,MAGIC ITEM
Beastlord,Fingers,Extended Range II,Moonstone Ring,https://eqlwiki.com/Moonstone_Ring,,,30,,MAGIC ITEM
Beastlord,Fingers,Naki's Charm of Pernicity,Summoned: Naki's Twisted Ring,https://eqlwiki.com/Summoned:_Naki's_Twisted_Ring,4,10,10,Classic Era,MAGIC ITEM|TEMPORARY|EQUIPPED|LORE
Beastlord,Fingers,Naki's Greater Pernicity,Summoned: Naki's Studded Ring,https://eqlwiki.com/Summoned:_Naki's_Studded_Ring,6,20,20,Kunark Era,MAGIC ITEM|TEMPORARY|EQUIPPED|LORE
Beastlord,Fingers,Naki's Lesser Pernicity,Summoned: Naki's Tiny Ring,https://eqlwiki.com/Summoned:_Naki's_Tiny_Ring,2,5,5,Classic Era,MAGIC ITEM|TEMPORARY|EQUIPPED|LORE
Beastlord,Fingers,Naki's Superior Pernicity,Summoned: Naki's Spiked Ring,https://eqlwiki.com/Summoned:_Naki's_Spiked_Ring,6,20,20,Velious Era,MAGIC ITEM|TEMPORARY|EQUIPPED|LORE
Beastlord,Fingers,Reanimation Efficiency II,Platinum Skull Ring,https://eqlwiki.com/Platinum_Skull_Ring,,30,20,,MAGIC ITEM
Beastlord,Fingers,Spell Haste II,Djarns Amethyst Ring,https://eqlwiki.com/Djarns_Amethyst_Ring,,80,,,MAGIC ITEM|LORE ITEM
Beastlord,Fingers,Summoning Efficiency I,Band of Flesh,https://eqlwiki.com/Band_of_Flesh,,,,,MAGIC ITEM
Beastlord,Fingers,Summoning Haste I,Adamantite Band,https://eqlwiki.com/Adamantite_Band,,75,,Classic Era,MAGIC ITEM
Beastlord,Hands,Affliction Efficiency I,Impskin Gloves,https://eqlwiki.com/Impskin_Gloves,2,,10,,MAGIC ITEM
Beastlord,Hands,Improved Damage I,Lupine Claw Gauntlets,https://eqlwiki.com/Lupine_Claw_Gauntlets,4,,,,MAGIC ITEM
Beastlord,Head,Burning Affliction II,Siryn Hair Hood,https://eqlwiki.com/Siryn_Hair_Hood,5,,,,MAGIC ITEM
Beastlord,Head,Enhancement Haste I,Cat Skull Cap,https://eqlwiki.com/Cat_Skull_Cap,4,,,Classic Era,MAGIC ITEM|LORE ITEM|NO DROP
Beastlord,Head,Extended Enhancement I,Shazda Turban,https://eqlwiki.com/Shazda_Turban,,,,,MAGIC ITEM|LORE ITEM
Beastlord,Head,Extended Enhancement II,Batfang Headband,https://eqlwiki.com/Batfang_Headband,2,,,Classic Era,MAGIC ITEM
Beastlord,Head,Improved Healing I,Turtleshell Helm,https://eqlwiki.com/Turtleshell_Helm,5,,,,MAGIC ITEM
Beastlord,Head,Mana Preservation II,Mane Attraction,https://eqlwiki.com/Mane_Attraction,4,,,,LORE ITEM|NO DROP
Beastlord,Head,Reagent Conservation II,Crown of Leaves,https://eqlwiki.com/Crown_of_Leaves,1,,,,
Beastlord,Head,Reagent Conservation II,Fine Silk Turban,https://eqlwiki.com/Fine_Silk_Turban,10,,,,MAGIC ITEM
Beastlord,Head,Reagent Conservation II,Savant's Cap,https://eqlwiki.com/Savant's_Cap,2,,,,MAGIC ITEM
Beastlord,Legs,Reagent Conservation I,Drake-hide Leggings,https://eqlwiki.com/Drake-hide_Leggings,5,,,,MAGIC ITEM
Beastlord,Neck,Affliction Efficiency II,White Gold Necklace,https://eqlwiki.com/White_Gold_Necklace,,,,,MAGIC ITEM
Beastlord,Neck,Affliction Haste II,Chrysoberyl Talisman,https://eqlwiki.com/Chrysoberyl_Talisman,5,,20,,MAGIC ITEM|LORE ITEM
Beastlord,Neck,Burning Affliction I,Allize Volew Medicine Bag,https://eqlwiki.com/Allize_Volew_Medicine_Bag,,,,,MAGIC ITEM|LORE ITEM
Beastlord,Neck,Burning Affliction I,Aviak Charm,https://eqlwiki.com/Aviak_Charm,,,,,MAGIC ITEM|LORE ITEM|NO DROP
Beastlord,Neck,Extended Range I,An Elven Charm Necklace,https://eqlwiki.com/An_Elven_Charm_Necklace,,,,Classic Era,LORE ITEM
Beastlord,Neck,Extended Range I,Elven Charm Necklace,https://eqlwiki.com/Elven_Charm_Necklace,,,,Classic Era,
Beastlord,Neck,Extended Range I,Glowing Bone Collar,https://eqlwiki.com/Glowing_Bone_Collar,5,25,25,Classic Era,MAGIC ITEM|LORE ITEM
Beastlord,Neck,Jedah's Conservation,Summoned: Jedah's Silver Choker,https://eqlwiki.com/Summoned:_Jedah's_Silver_Choker,5,10,10,,MAGIC ITEM|TEMPORARY|EQUIPPED|LORE
Beastlord,Neck,Jedah's Greater Conservation,Summoned: Jedah's Golden Choker,https://eqlwiki.com/Summoned:_Jedah's_Golden_Choker,8,20,20,,MAGIC ITEM|TEMPORARY|EQUIPPED|LORE
Beastlord,Neck,Jedah's Lesser Conservation,Summoned: Jedah's Brass Choker,https://eqlwiki.com/Summoned:_Jedah's_Brass_Choker,2,5,5,,MAGIC ITEM|TEMPORARY|EQUIPPED|LORE
Beastlord,Neck,Jedah's Superior Conservation,Summoned: Jedah's Platinum Choker,https://eqlwiki.com/Summoned:_Jedah's_Platinum_Choker,8,20,20,Velious Era,MAGIC ITEM|TEMPORARY|EQUIPPED|LORE
Beastlord,Neck,Mana Preservation II,Black Alloy Medallion,https://eqlwiki.com/Black_Alloy_Medallion,6,,,Classic Era,MAGIC ITEM
Beastlord,Neck,Spell Haste I,Beaded Slime Necklace,https://eqlwiki.com/Beaded_Slime_Necklace,,,,,
Beastlord,Primary,Brass Resonance 14,McVaxius` Horn of War,https://eqlwiki.com/McVaxius`_Horn_of_War,,,,,MAGIC ITEM|LORE ITEM
Beastlord,Primary,Improved Healing III,Idol of the Underking,https://eqlwiki.com/Idol_of_the_Underking,,20,20,Classic Era,MAGIC ITEM|LORE ITEM
Beastlord,Primary,Percussion Resonance 11,Mistmoore Battle Drums,https://eqlwiki.com/Mistmoore_Battle_Drums,,,,,ATTUNEABLE|PLACEABLE
Beastlord,Primary,Percussion Resonance 14,Selo`s Drums of the March,https://eqlwiki.com/Selo`s_Drums_of_the_March,,,,,MAGIC ITEM
Beastlord,Primary,String Resonance 11,Gypsy Lute,https://eqlwiki.com/Gypsy_Lute,,,,,
Beastlord,Primary,String Resonance 11,Lute of the Gypsy Princess,https://eqlwiki.com/Lute_of_the_Gypsy_Princess,,,,,ATTUNABLE|PLACEABLE
Beastlord,Primary,Wind Resonance 10,Minotaur Horn,https://eqlwiki.com/Minotaur_Horn,,,,Classic Era,
Beastlord,Range,Improved Healing III,Idol of the Underking,https://eqlwiki.com/Idol_of_the_Underking,,20,20,Classic Era,MAGIC ITEM|LORE ITEM
Beastlord,Secondary,Brass Resonance 14,McVaxius` Horn of War,https://eqlwiki.com/McVaxius`_Horn_of_War,,,,,MAGIC ITEM|LORE ITEM
Beastlord,Secondary,Brass Resonance 8,Alluring Horn,https://eqlwiki.com/Alluring_Horn,,,,EpicQuests Era,MAGIC ITEM|LORE ITEM|NO DROP
Beastlord,Secondary,Improved Healing III,Idol of the Underking,https://eqlwiki.com/Idol_of_the_Underking,,20,20,Classic Era,MAGIC ITEM|LORE ITEM
Beastlord,Secondary,Mana Preservation I,Testament of Vanear,https://eqlwiki.com/Testament_of_Vanear,,,10,,MAGIC ITEM|LORE ITEM|NO DROP
Beastlord,Secondary,Percussion Resonance 11,Mistmoore Battle Drums,https://eqlwiki.com/Mistmoore_Battle_Drums,,,,,ATTUNEABLE|PLACEABLE
Beastlord,Secondary,Percussion Resonance 14,Selo`s Drums of the March,https://eqlwiki.com/Selo`s_Drums_of_the_March,,,,,MAGIC ITEM
Beastlord,Secondary,String Resonance 10,Mandolin,https://eqlwiki.com/Mandolin,,,,Classic Era,
Beastlord,Secondary,String Resonance 11,Gypsy Lute,https://eqlwiki.com/Gypsy_Lute,,,,,
Beastlord,Secondary,String Resonance 11,Lute of the Gypsy Princess,https://eqlwiki.com/Lute_of_the_Gypsy_Princess,,,,,ATTUNABLE|PLACEABLE
Beastlord,Secondary,Wind Resonance 10,Minotaur Horn,https://eqlwiki.com/Minotaur_Horn,,,,Classic Era,
Beastlord,Shoulders,Tavee's Charm of Diuturnity,Summoned: Tavee's Leather Mantle,https://eqlwiki.com/Summoned:_Tavee's_Leather_Mantle,6,10,10,Classic Era,MAGIC ITEM|TEMPORARY|EQUIPPED|LORE
Beastlord,Shoulders,Tavee's Greater Diuturnity,Summoned: Tavee's Silken Mantle,https://eqlwiki.com/Summoned:_Tavee's_Silken_Mantle,9,20,20,Kunark Era,MAGIC ITEM|TEMPORARY|EQUIPPED|LORE
Beastlord,Shoulders,Tavee's Lesser Diuturnity,Summoned: Tavee's Linen Mantle,https://eqlwiki.com/Summoned:_Tavee's_Linen_Mantle,3,5,5,Classic Era,MAGIC ITEM|TEMPORARY|EQUIPPED|LORE
Beastlord,Shoulders,Tavee's Superior Diuturnity,Summoned: Tavee's Runed Mantle,https://eqlwiki.com/Summoned:_Tavee's_Runed_Mantle,9,20,20,Velious Era,MAGIC ITEM|TEMPORARY|EQUIPPED|LORE
Beastlord,Waist,Burning Affliction II,Reed Belt,https://eqlwiki.com/Reed_Belt,6,10,,Classic Era,MAGIC ITEM
Beastlord,Waist,Extended Enhancement II,Drakescale Belt,https://eqlwiki.com/Drakescale_Belt,5,,,Classic Era,
Beastlord,Waist,Summoning Haste III,Brell's Girdle,https://eqlwiki.com/Brell's_Girdle,10,,50,Classic Era,MAGIC ITEM|LORE ITEM
Beastlord,Wrist,Affliction Efficiency I,Polished Bone Bracelet,https://eqlwiki.com/Polished_Bone_Bracelet,2,,,Classic Era,MAGIC ITEM
Beastlord,Wrist,Affliction Efficiency II,Chipped Bone Bracelet,https://eqlwiki.com/Chipped_Bone_Bracelet,4,,,Classic Era,MAGIC ITEM
Beastlord,Wrist,Affliction Haste I,Granite Bracer,https://eqlwiki.com/Granite_Bracer,5,,,,MAGIC ITEM
Beastlord,Wrist,Burning Affliction I,Summoned: Rallican's Wooden Bracelet,https://eqlwiki.com/Summoned:_Rallican's_Wooden_Bracelet,4,5,5,Classic Era,MAGIC ITEM|TEMPORARY|EQUIPPED|LORE
Beastlord,Wrist,Burning Affliction II,Serpentine Bracer,https://eqlwiki.com/Serpentine_Bracer,1,,,Classic Era,MAGIC ITEM
Beastlord,Wrist,Burning Affliction II,Summoned: Rallican's Stone Bracelet,https://eqlwiki.com/Summoned:_Rallican's_Stone_Bracelet,6,10,10,Classic Era,MAGIC ITEM|TEMPORARY|EQUIPPED|LORE
Beastlord,Wrist,Burning Affliction III,Summoned: Rallican's Iron Bracelet,https://eqlwiki.com/Summoned:_Rallican's_Iron_Bracelet,8,20,20,Kunark Era,MAGIC ITEM|TEMPORARY|EQUIPPED|LORE
Beastlord,Wrist,Burning Affliction IV,Summoned: Rallican's Steel Bracelet,https://eqlwiki.com/Summoned:_Rallican's_Steel_Bracelet,8,20,20,Velious Era,MAGIC ITEM|TEMPORARY|EQUIPPED|LORE
Beastlord,Wrist,Gallenite's Chaos,Summoned: Gallenite's Sapphire Bracelet,https://eqlwiki.com/Summoned:_Gallenite's_Sapphire_Bracelet,8,20,20,Velious Era,MAGIC ITEM|TEMPORARY|EQUIPPED|LORE
Beastlord,Wrist,Gallenite's Destruction,Summoned: Gallenite's Opal Bracelet,https://eqlwiki.com/Summoned:_Gallenite's_Opal_Bracelet,6,10,10,Classic Era,MAGIC ITEM|TEMPORARY|EQUIPPED|LORE
Beastlord,Wrist,Gallenite's Major Destruction,Summoned: Gallenite's Ruby Bracelet,https://eqlwiki.com/Summoned:_Gallenite's_Ruby_Bracelet,8,20,20,Kunark Era,MAGIC ITEM|TEMPORARY|EQUIPPED|LORE
Beastlord,Wrist,Gallenite's Minor Destruction,Summoned: Gallenite's Jade Bracelet,https://eqlwiki.com/Summoned:_Gallenite's_Jade_Bracelet,4,5,5,Classic Era,MAGIC ITEM|TEMPORARY|EQUIPPED|LORE
Beastlord,Wrist,Reagent Conservation I,Happy Love Bracers,https://eqlwiki.com/Happy_Love_Bracers,1,,,,LORE ITEM|NO DROP
Beastlord,Wrist,Reagent Conservation II,Amethyst Bracelet,https://eqlwiki.com/Amethyst_Bracelet,5,15,,,MAGIC ITEM
Beastlord,Wrist,Reagent Conservation III,Runed Mithril Bracer,https://eqlwiki.com/Runed_Mithril_Bracer,4,,,Classic Era,MAGIC ITEM
Beastlord,Wrist,Reanimation Haste I,Ivory Bracelet,https://eqlwiki.com/Ivory_Bracelet,,,20,Classic Era,MAGIC ITEM
Beastlord,Wrist,Spell Haste I,Bracelet of Woven Grass,https://eqlwiki.com/Bracelet_of_Woven_Grass,1,12,,,MAGIC ITEM
Berserker,Arms,Enhancement Haste I,Gatorscale Sleeves,https://eqlwiki.com/Gatorscale_Sleeves,6,15,,Classic Era,MAGIC ITEM
Berserker,Arms,Extended Range I,Drake-hide Sleeves,https://eqlwiki.com/Drake-hide_Sleeves,4,10,,Classic Era,MAGIC ITEM
Berserker,Arms,Improved Damage I,Azure Sleeves,https://eqlwiki.com/Azure_Sleeves,12,,,Classic Era,MAGIC ITEM
Berserker,Arms,Mana Preservation I,Platinum Armband,https://eqlwiki.com/Platinum_Armband,,,,Classic Era,MAGIC ITEM
Berserker,Back,Improved Damage I,Mammoth Hide Cloak,https://eqlwiki.com/Mammoth_Hide_Cloak,7,,,,
Berserker,Back,Improved Damage III,White Dragonscale Cloak,https://eqlwiki.com/White_Dragonscale_Cloak,10,,75,Classic Era,MAGIC ITEM
Berserker,Chest,Extended Enhancement I,Lockjaw Hide Vest,https://eqlwiki.com/Lockjaw_Hide_Vest,12,,,Classic Era,MAGIC ITEM
Berserker,Chest,Mana Preservation I,Vagrant's Tunic,https://eqlwiki.com/Vagrant's_Tunic,8,5,,Classic Era,ATTUNABLE
Berserker,Chest,Spell Haste II,Mithril-Runed Tunic,https://eqlwiki.com/Mithril-Runed_Tunic,10,,,,MAGIC ITEM
Berserker,Ear,Affliction Efficiency I,Diamondine Earring,https://eqlwiki.com/Diamondine_Earring,2,12,,Classic Era,MAGIC ITEM
Berserker,Ear,Burning Affliction I,Golden Ear Stud,https://eqlwiki.com/Golden_Ear_Stud,,,,,
Berserker,Ear,Mana Preservation I,Polished Bone Hoop,https://eqlwiki.com/Polished_Bone_Hoop,,,10,,
Berserker,Ear,Reagent Conservation I,Batskull Earring,https://eqlwiki.com/Batskull_Earring,,,,Classic Era,MAGIC ITEM
Berserker,Face,Improved Damage II,Polished Mithril Mask,https://eqlwiki.com/Polished_Mithril_Mask,5,,,,MAGIC ITEM|LORE ITEM|NO DROP
Berserker,Face,Reanimation Efficiency I,Lizardskin Tribal Mask,https://eqlwiki.com/Lizardskin_Tribal_Mask,3,,,,MAGIC ITEM
Berserker,Face,Reanimation Haste I,Carved Ivory Mask,https://eqlwiki.com/Carved_Ivory_Mask,2,10,,,MAGIC ITEM
Berserker,Feet,Burning Affliction II,Kobold-Hide Boots,https://eqlwiki.com/Kobold-Hide_Boots,5,10,,Classic Era,MAGIC ITEM
Berserker,Feet,Enhancement Haste II,Golden Efreeti Boots,https://eqlwiki.com/Golden_Efreeti_Boots,5,,,Classic Era,MAGIC ITEM
Berserker,Feet,Extended Enhancement I,Bear-hide Boots,https://eqlwiki.com/Bear-hide_Boots,5,,,,
Berserker,Feet,Spell Haste I,Wolf Fur Slippers,https://eqlwiki.com/Wolf_Fur_Slippers,2,,20,Classic Era,MAGIC ITEM
Berserker,Fingers,Affliction Haste I,Ring of Goblin Lords,https://eqlwiki.com/Ring_of_Goblin_Lords,4,,,,LORE ITEM
Berserker,Fingers,Extended Enhancement II,Clawed Knuckle-Ring,https://eqlwiki.com/Clawed_Knuckle-Ring,,20,,,MAGIC ITEM
Berserker,Fingers,Extended Range II,Moonstone Ring,https://eqlwiki.com/Moonstone_Ring,,,30,,MAGIC ITEM
Berserker,Fingers,Reanimation Efficiency II,Platinum Skull Ring,https://eqlwiki.com/Platinum_Skull_Ring,,30,20,,MAGIC ITEM
Berserker,Fingers,Spell Haste II,Djarns Amethyst Ring,https://eqlwiki.com/Djarns_Amethyst_Ring,,80,,,MAGIC ITEM|LORE ITEM
Berserker,Fingers,Summoning Efficiency I,Band of Flesh,https://eqlwiki.com/Band_of_Flesh,,,,,MAGIC ITEM
Berserker,Fingers,Summoning Haste I,Adamantite Band,https://eqlwiki.com/Adamantite_Band,,75,,Classic Era,MAGIC ITEM
Berserker,Hands,Affliction Efficiency I,Impskin Gloves,https://eqlwiki.com/Impskin_Gloves,2,,10,,MAGIC ITEM
Berserker,Hands,Improved Damage I,Lupine Claw Gauntlets,https://eqlwiki.com/Lupine_Claw_Gauntlets,4,,,,MAGIC ITEM
Berserker,Head,Burning Affliction II,Siryn Hair Hood,https://eqlwiki.com/Siryn_Hair_Hood,5,,,,MAGIC ITEM
Berserker,Head,Enhancement Haste I,Cat Skull Cap,https://eqlwiki.com/Cat_Skull_Cap,4,,,Classic Era,MAGIC ITEM|LORE ITEM|NO DROP
Berserker,Head,Extended Enhancement I,Shazda Turban,https://eqlwiki.com/Shazda_Turban,,,,,MAGIC ITEM|LORE ITEM
Berserker,Head,Extended Enhancement II,Batfang Headband,https://eqlwiki.com/Batfang_Headband,2,,,Classic Era,MAGIC ITEM
Berserker,Head,Improved Healing I,Turtleshell Helm,https://eqlwiki.com/Turtleshell_Helm,5,,,,MAGIC ITEM
Berserker,Head,Mana Preservation II,Mane Attraction,https://eqlwiki.com/Mane_Attraction,4,,,,LORE ITEM|NO DROP
Berserker,Head,Reagent Conservation II,Crown of Leaves,https://eqlwiki.com/Crown_of_Leaves,1,,,,
Berserker,Head,Reagent Conservation II,Fine Silk Turban,https://eqlwiki.com/Fine_Silk_Turban,10,,,,MAGIC ITEM
Berserker,Head,Reagent Conservation II,Savant's Cap,https://eqlwiki.com/Savant's_Cap,2,,,,MAGIC ITEM
Berserker,Legs,Reagent Conservation I,Drake-hide Leggings,https://eqlwiki.com/Drake-hide_Leggings,5,,,,MAGIC ITEM
Berserker,Neck,Affliction Efficiency II,White Gold Necklace,https://eqlwiki.com/White_Gold_Necklace,,,,,MAGIC ITEM
Berserker,Neck,Affliction Haste II,Chrysoberyl Talisman,https://eqlwiki.com/Chrysoberyl_Talisman,5,,20,,MAGIC ITEM|LORE ITEM
Berserker,Neck,Burning Affliction I,Allize Volew Medicine Bag,https://eqlwiki.com/Allize_Volew_Medicine_Bag,,,,,MAGIC ITEM|LORE ITEM
Berserker,Neck,Burning Affliction I,Aviak Charm,https://eqlwiki.com/Aviak_Charm,,,,,MAGIC ITEM|LORE ITEM|NO DROP
Berserker,Neck,Extended Range I,An Elven Charm Necklace,https://eqlwiki.com/An_Elven_Charm_Necklace,,,,Classic Era,LORE ITEM
Berserker,Neck,Extended Range I,Elven Charm Necklace,https://eqlwiki.com/Elven_Charm_Necklace,,,,Classic Era,
Berserker,Neck,Extended Range I,Glowing Bone Collar,https://eqlwiki.com/Glowing_Bone_Collar,5,25,25,Classic Era,MAGIC ITEM|LORE ITEM
Berserker,Neck,Mana Preservation II,Black Alloy Medallion,https://eqlwiki.com/Black_Alloy_Medallion,6,,,Classic Era,MAGIC ITEM
Berserker,Neck,Spell Haste I,Beaded Slime Necklace,https://eqlwiki.com/Beaded_Slime_Necklace,,,,,
Berserker,Primary,Brass Resonance 14,McVaxius` Horn of War,https://eqlwiki.com/McVaxius`_Horn_of_War,,,,,MAGIC ITEM|LORE ITEM
Berserker,Primary,Improved Healing III,Idol of the Underking,https://eqlwiki.com/Idol_of_the_Underking,,20,20,Classic Era,MAGIC ITEM|LORE ITEM
Berserker,Primary,Percussion Resonance 11,Mistmoore Battle Drums,https://eqlwiki.com/Mistmoore_Battle_Drums,,,,,ATTUNEABLE|PLACEABLE
Berserker,Primary,Percussion Resonance 14,Selo`s Drums of the March,https://eqlwiki.com/Selo`s_Drums_of_the_March,,,,,MAGIC ITEM
Berserker,Primary,String Resonance 11,Gypsy Lute,https://eqlwiki.com/Gypsy_Lute,,,,,
Berserker,Primary,String Resonance 11,Lute of the Gypsy Princess,https://eqlwiki.com/Lute_of_the_Gypsy_Princess,,,,,ATTUNABLE|PLACEABLE
Berserker,Primary,Wind Resonance 10,Minotaur Horn,https://eqlwiki.com/Minotaur_Horn,,,,Classic Era,
Berserker,Range,Improved Healing III,Idol of the Underking,https://eqlwiki.com/Idol_of_the_Underking,,20,20,Classic Era,MAGIC ITEM|LORE ITEM
Berserker,Secondary,Brass Resonance 14,McVaxius` Horn of War,https://eqlwiki.com/McVaxius`_Horn_of_War,,,,,MAGIC ITEM|LORE ITEM
Berserker,Secondary,Brass Resonance 8,Alluring Horn,https://eqlwiki.com/Alluring_Horn,,,,EpicQuests Era,MAGIC ITEM|LORE ITEM|NO DROP
Berserker,Secondary,Improved Healing III,Idol of the Underking,https://eqlwiki.com/Idol_of_the_Underking,,20,20,Classic Era,MAGIC ITEM|LORE ITEM
Berserker,Secondary,Mana Preservation I,Testament of Vanear,https://eqlwiki.com/Testament_of_Vanear,,,10,,MAGIC ITEM|LORE ITEM|NO DROP
Berserker,Secondary,Percussion Resonance 11,Mistmoore Battle Drums,https://eqlwiki.com/Mistmoore_Battle_Drums,,,,,ATTUNEABLE|PLACEABLE
Berserker,Secondary,Percussion Resonance 14,Selo`s Drums of the March,https://eqlwiki.com/Selo`s_Drums_of_the_March,,,,,MAGIC ITEM
Berserker,Secondary,String Resonance 10,Mandolin,https://eqlwiki.com/Mandolin,,,,Classic Era,
Berserker,Secondary,String Resonance 11,Gypsy Lute,https://eqlwiki.com/Gypsy_Lute,,,,,
Berserker,Secondary,String Resonance 11,Lute of the Gypsy Princess,https://eqlwiki.com/Lute_of_the_Gypsy_Princess,,,,,ATTUNABLE|PLACEABLE
Berserker,Secondary,Wind Resonance 10,Minotaur Horn,https://eqlwiki.com/Minotaur_Horn,,,,Classic Era,
Berserker,Waist,Burning Affliction II,Reed Belt,https://eqlwiki.com/Reed_Belt,6,10,,Classic Era,MAGIC ITEM
Berserker,Waist,Extended Enhancement II,Drakescale Belt,https://eqlwiki.com/Drakescale_Belt,5,,,Classic Era,
Berserker,Waist,Summoning Haste III,Brell's Girdle,https://eqlwiki.com/Brell's_Girdle,10,,50,Classic Era,MAGIC ITEM|LORE ITEM
Berserker,Wrist,Affliction Efficiency I,Polished Bone Bracelet,https://eqlwiki.com/Polished_Bone_Bracelet,2,,,Classic Era,MAGIC ITEM
Berserker,Wrist,Affliction Efficiency II,Chipped Bone Bracelet,https://eqlwiki.com/Chipped_Bone_Bracelet,4,,,Classic Era,MAGIC ITEM
Berserker,Wrist,Affliction Haste I,Granite Bracer,https://eqlwiki.com/Granite_Bracer,5,,,,MAGIC ITEM
Berserker,Wrist,Burning Affliction II,Serpentine Bracer,https://eqlwiki.com/Serpentine_Bracer,1,,,Classic Era,MAGIC ITEM
Berserker,Wrist,Reagent Conservation I,Happy Love Bracers,https://eqlwiki.com/Happy_Love_Bracers,1,,,,LORE ITEM|NO DROP
Berserker,Wrist,Reagent Conservation II,Amethyst Bracelet,https://eqlwiki.com/Amethyst_Bracelet,5,15,,,MAGIC ITEM
Berserker,Wrist,Reagent Conservation III,Runed Mithril Bracer,https://eqlwiki.com/Runed_Mithril_Bracer,4,,,Classic Era,MAGIC ITEM
Berserker,Wrist,Reanimation Haste I,Ivory Bracelet,https://eqlwiki.com/Ivory_Bracelet,,,20,Classic Era,MAGIC ITEM
Berserker,Wrist,Spell Haste I,Bracelet of Woven Grass,https://eqlwiki.com/Bracelet_of_Woven_Grass,1,12,,,MAGIC ITEM
Cleric,Arms,Burning Affliction I,Hollowed Bone Bracers,https://eqlwiki.com/Hollowed_Bone_Bracers,6,,15,Classic Era,MAGIC ITEM
Cleric,Arms,Enhancement Haste I,Gatorscale Sleeves,https://eqlwiki.com/Gatorscale_Sleeves,6,15,,Classic Era,MAGIC ITEM
Cleric,Arms,Extended Range I,Drake-hide Sleeves,https://eqlwiki.com/Drake-hide_Sleeves,4,10,,Classic Era,MAGIC ITEM
Cleric,Arms,Improved Damage I,Azure Sleeves,https://eqlwiki.com/Azure_Sleeves,12,,,Classic Era,MAGIC ITEM
Cleric,Arms,Mana Preservation I,Platinum Armband,https://eqlwiki.com/Platinum_Armband,,,,Classic Era,MAGIC ITEM
Cleric,Arms,Summoning Efficiency II,Embroidered Black Sleeves,https://eqlwiki.com/Embroidered_Black_Sleeves,4,10,25,,MAGIC ITEM
Cleric,Back,Improved Damage I,Mammoth Hide Cloak,https://eqlwiki.com/Mammoth_Hide_Cloak,7,,,,
Cleric,Back,Improved Damage III,White Dragonscale Cloak,https://eqlwiki.com/White_Dragonscale_Cloak,10,,75,Classic Era,MAGIC ITEM
Cleric,Chest,Extended Enhancement I,Lockjaw Hide Vest,https://eqlwiki.com/Lockjaw_Hide_Vest,12,,,Classic Era,MAGIC ITEM
Cleric,Chest,Extended Enhancement II,Chestplate of the Constant,https://eqlwiki.com/Chestplate_of_the_Constant,20,,,Temple Era,MAGIC ITEM|LORE ITEM
Cleric,Chest,Mana Preservation I,Vagrant's Tunic,https://eqlwiki.com/Vagrant's_Tunic,8,5,,Classic Era,ATTUNABLE
Cleric,Chest,Spell Haste II,Mithril-Runed Tunic,https://eqlwiki.com/Mithril-Runed_Tunic,10,,,,MAGIC ITEM
Cleric,Ear,Affliction Efficiency I,Diamondine Earring,https://eqlwiki.com/Diamondine_Earring,2,12,,Classic Era,MAGIC ITEM
Cleric,Ear,Burning Affliction I,Golden Ear Stud,https://eqlwiki.com/Golden_Ear_Stud,,,,,
Cleric,Ear,Jolum's Abatement,Summoned: Jolum's Shiny Bauble,https://eqlwiki.com/Summoned:_Jolum's_Shiny_Bauble,4,10,10,Classic Era,MAGIC ITEM|TEMPORARY|EQUIPPED|LORE
Cleric,Ear,Jolum's Major Abatement,Summoned: Jolum's Brilliant Bauble,https://eqlwiki.com/Summoned:_Jolum's_Brilliant_Bauble,6,20,20,Classic Era,MAGIC ITEM|TEMPORARY|EQUIPPED|LORE
Cleric,Ear,Jolum's Minor Abatement,Summoned: Jolum's Tarnished Bauble,https://eqlwiki.com/Summoned:_Jolum's_Tarnished_Bauble,2,5,5,Classic Era,MAGIC ITEM|TEMPORARY|EQUIPPED|LORE
Cleric,Ear,Jolum's Superior Abatement,Summoned: Jolum's Glowing Bauble,https://eqlwiki.com/Summoned:_Jolum's_Glowing_Bauble,6,20,20,Velious Era,MAGIC ITEM|TEMPORARY|EQUIPPED|LORE
Cleric,Ear,Mana Preservation I,Polished Bone Hoop,https://eqlwiki.com/Polished_Bone_Hoop,,,10,,
Cleric,Ear,Reagent Conservation I,Batskull Earring,https://eqlwiki.com/Batskull_Earring,,,,Classic Era,MAGIC ITEM
Cleric,Face,Improved Damage II,Polished Mithril Mask,https://eqlwiki.com/Polished_Mithril_Mask,5,,,,MAGIC ITEM|LORE ITEM|NO DROP
Cleric,Face,Improved Healing I,Emissary Mask,https://eqlwiki.com/Emissary_Mask,4,,,Classic Era,ATTUNABLE
Cleric,Face,Reanimation Efficiency I,Lizardskin Tribal Mask,https://eqlwiki.com/Lizardskin_Tribal_Mask,3,,,,MAGIC ITEM
Cleric,Face,Reanimation Haste I,Carved Ivory Mask,https://eqlwiki.com/Carved_Ivory_Mask,2,10,,,MAGIC ITEM
Cleric,Feet,Burning Affliction II,Kobold-Hide Boots,https://eqlwiki.com/Kobold-Hide_Boots,5,10,,Classic Era,MAGIC ITEM
Cleric,Feet,Enhancement Haste II,Golden Efreeti Boots,https://eqlwiki.com/Golden_Efreeti_Boots,5,,,Classic Era,MAGIC ITEM
Cleric,Feet,Extended Enhancement I,Bear-hide Boots,https://eqlwiki.com/Bear-hide_Boots,5,,,,
Cleric,Feet,Spell Haste I,Wolf Fur Slippers,https://eqlwiki.com/Wolf_Fur_Slippers,2,,20,Classic Era,MAGIC ITEM
Cleric,Fingers,Affliction Haste I,Ring of Goblin Lords,https://eqlwiki.com/Ring_of_Goblin_Lords,4,,,,LORE ITEM
Cleric,Fingers,Extended Enhancement II,Clawed Knuckle-Ring,https://eqlwiki.com/Clawed_Knuckle-Ring,,20,,,MAGIC ITEM
Cleric,Fingers,Extended Range II,Moonstone Ring,https://eqlwiki.com/Moonstone_Ring,,,30,,MAGIC ITEM
Cleric,Fingers,Naki's Charm of Pernicity,Summoned: Naki's Twisted Ring,https://eqlwiki.com/Summoned:_Naki's_Twisted_Ring,4,10,10,Classic Era,MAGIC ITEM|TEMPORARY|EQUIPPED|LORE
Cleric,Fingers,Naki's Greater Pernicity,Summoned: Naki's Studded Ring,https://eqlwiki.com/Summoned:_Naki's_Studded_Ring,6,20,20,Kunark Era,MAGIC ITEM|TEMPORARY|EQUIPPED|LORE
Cleric,Fingers,Naki's Lesser Pernicity,Summoned: Naki's Tiny Ring,https://eqlwiki.com/Summoned:_Naki's_Tiny_Ring,2,5,5,Classic Era,MAGIC ITEM|TEMPORARY|EQUIPPED|LORE
Cleric,Fingers,Naki's Superior Pernicity,Summoned: Naki's Spiked Ring,https://eqlwiki.com/Summoned:_Naki's_Spiked_Ring,6,20,20,Velious Era,MAGIC ITEM|TEMPORARY|EQUIPPED|LORE
Cleric,Fingers,Reanimation Efficiency II,Platinum Skull Ring,https://eqlwiki.com/Platinum_Skull_Ring,,30,20,,MAGIC ITEM
Cleric,Fingers,Spell Haste II,Djarns Amethyst Ring,https://eqlwiki.com/Djarns_Amethyst_Ring,,80,,,MAGIC ITEM|LORE ITEM
Cleric,Fingers,Summoning Efficiency I,Band of Flesh,https://eqlwiki.com/Band_of_Flesh,,,,,MAGIC ITEM
Cleric,Fingers,Summoning Haste I,Adamantite Band,https://eqlwiki.com/Adamantite_Band,,75,,Classic Era,MAGIC ITEM
Cleric,Hands,Affliction Efficiency I,Impskin Gloves,https://eqlwiki.com/Impskin_Gloves,2,,10,,MAGIC ITEM
Cleric,Hands,Improved Damage I,Lupine Claw Gauntlets,https://eqlwiki.com/Lupine_Claw_Gauntlets,4,,,,MAGIC ITEM
Cleric,Head,Burning Affliction II,Siryn Hair Hood,https://eqlwiki.com/Siryn_Hair_Hood,5,,,,MAGIC ITEM
Cleric,Head,Enhancement Haste I,Cat Skull Cap,https://eqlwiki.com/Cat_Skull_Cap,4,,,Classic Era,MAGIC ITEM|LORE ITEM|NO DROP
Cleric,Head,Enhancement Haste I,Etched Iron Helm,https://eqlwiki.com/Etched_Iron_Helm,11,,,Classic Era,
Cleric,Head,Enhancement Haste II,Platinum Tiara,https://eqlwiki.com/Platinum_Tiara,3,35,50,,MAGIC ITEM|LORE ITEM
Cleric,Head,Extended Enhancement I,Shazda Turban,https://eqlwiki.com/Shazda_Turban,,,,,MAGIC ITEM|LORE ITEM
Cleric,Head,Extended Enhancement II,Batfang Headband,https://eqlwiki.com/Batfang_Headband,2,,,Classic Era,MAGIC ITEM
Cleric,Head,Improved Healing I,Turtleshell Helm,https://eqlwiki.com/Turtleshell_Helm,5,,,,MAGIC ITEM
Cleric,Head,Improved Healing I,Zaharn's Coronet,https://eqlwiki.com/Zaharn's_Coronet,5,,25,,MAGIC ITEM|LORE ITEM
Cleric,Head,Mana Preservation II,Mane Attraction,https://eqlwiki.com/Mane_Attraction,4,,,,LORE ITEM|NO DROP
Cleric,Head,Reagent Conservation II,Crown of Leaves,https://eqlwiki.com/Crown_of_Leaves,1,,,,
Cleric,Head,Reagent Conservation II,Fine Silk Turban,https://eqlwiki.com/Fine_Silk_Turban,10,,,,MAGIC ITEM
Cleric,Head,Reagent Conservation II,Savant's Cap,https://eqlwiki.com/Savant's_Cap,2,,,,MAGIC ITEM
Cleric,Head,Reanimation Haste I,Nightshade Wreath,https://eqlwiki.com/Nightshade_Wreath,1,,,,MAGIC ITEM
Cleric,Legs,Reagent Conservation I,Drake-hide Leggings,https://eqlwiki.com/Drake-hide_Leggings,5,,,,MAGIC ITEM
Cleric,Neck,Affliction Efficiency II,White Gold Necklace,https://eqlwiki.com/White_Gold_Necklace,,,,,MAGIC ITEM
Cleric,Neck,Affliction Haste II,Chrysoberyl Talisman,https://eqlwiki.com/Chrysoberyl_Talisman,5,,20,,MAGIC ITEM|LORE ITEM
Cleric,Neck,Burning Affliction I,Allize Volew Medicine Bag,https://eqlwiki.com/Allize_Volew_Medicine_Bag,,,,,MAGIC ITEM|LORE ITEM
Cleric,Neck,Burning Affliction I,Aviak Charm,https://eqlwiki.com/Aviak_Charm,,,,,MAGIC ITEM|LORE ITEM|NO DROP
Cleric,Neck,Enhancement Haste I,Cape of Midnight Mist,https://eqlwiki.com/Cape_of_Midnight_Mist,2,,,Classic Era,MAGIC ITEM
Cleric,Neck,Extended Range I,An Elven Charm Necklace,https://eqlwiki.com/An_Elven_Charm_Necklace,,,,Classic Era,LORE ITEM
Cleric,Neck,Extended Range I,Elven Charm Necklace,https://eqlwiki.com/Elven_Charm_Necklace,,,,Classic Era,
Cleric,Neck,Extended Range I,Glowing Bone Collar,https://eqlwiki.com/Glowing_Bone_Collar,5,25,25,Classic Era,MAGIC ITEM|LORE ITEM
Cleric,Neck,Jedah's Conservation,Summoned: Jedah's Silver Choker,https://eqlwiki.com/Summoned:_Jedah's_Silver_Choker,5,10,10,,MAGIC ITEM|TEMPORARY|EQUIPPED|LORE
Cleric,Neck,Jedah's Greater Conservation,Summoned: Jedah's Golden Choker,https://eqlwiki.com/Summoned:_Jedah's_Golden_Choker,8,20,20,,MAGIC ITEM|TEMPORARY|EQUIPPED|LORE
Cleric,Neck,Jedah's Lesser Conservation,Summoned: Jedah's Brass Choker,https://eqlwiki.com/Summoned:_Jedah's_Brass_Choker,2,5,5,,MAGIC ITEM|TEMPORARY|EQUIPPED|LORE
Cleric,Neck,Jedah's Superior Conservation,Summoned: Jedah's Platinum Choker,https://eqlwiki.com/Summoned:_Jedah's_Platinum_Choker,8,20,20,Velious Era,MAGIC ITEM|TEMPORARY|EQUIPPED|LORE
Cleric,Neck,Mana Preservation II,Black Alloy Medallion,https://eqlwiki.com/Black_Alloy_Medallion,6,,,Classic Era,MAGIC ITEM
Cleric,Neck,Spell Haste I,Beaded Slime Necklace,https://eqlwiki.com/Beaded_Slime_Necklace,,,,,
Cleric,Primary,Brass Resonance 14,McVaxius` Horn of War,https://eqlwiki.com/McVaxius`_Horn_of_War,,,,,MAGIC ITEM|LORE ITEM
Cleric,Primary,Improved Healing III,Idol of the Underking,https://eqlwiki.com/Idol_of_the_Underking,,20,20,Classic Era,MAGIC ITEM|LORE ITEM
Cleric,Primary,Percussion Resonance 11,Mistmoore Battle Drums,https://eqlwiki.com/Mistmoore_Battle_Drums,,,,,ATTUNEABLE|PLACEABLE
Cleric,Primary,Percussion Resonance 14,Selo`s Drums of the March,https://eqlwiki.com/Selo`s_Drums_of_the_March,,,,,MAGIC ITEM
Cleric,Primary,String Resonance 11,Gypsy Lute,https://eqlwiki.com/Gypsy_Lute,,,,,
Cleric,Primary,String Resonance 11,Lute of the Gypsy Princess,https://eqlwiki.com/Lute_of_the_Gypsy_Princess,,,,,ATTUNABLE|PLACEABLE
Cleric,Primary,Wind Resonance 10,Minotaur Horn,https://eqlwiki.com/Minotaur_Horn,,,,Classic Era,
Cleric,Range,Improved Healing III,Idol of the Underking,https://eqlwiki.com/Idol_of_the_Underking,,20,20,Classic Era,MAGIC ITEM|LORE ITEM
Cleric,Secondary,Brass Resonance 14,McVaxius` Horn of War,https://eqlwiki.com/McVaxius`_Horn_of_War,,,,,MAGIC ITEM|LORE ITEM
Cleric,Secondary,Brass Resonance 8,Alluring Horn,https://eqlwiki.com/Alluring_Horn,,,,EpicQuests Era,MAGIC ITEM|LORE ITEM|NO DROP
Cleric,Secondary,Improved Damage I,Spiked Buckler,https://eqlwiki.com/Spiked_Buckler,10,,,Classic Era,
Cleric,Secondary,Improved Healing III,Idol of the Underking,https://eqlwiki.com/Idol_of_the_Underking,,20,20,Classic Era,MAGIC ITEM|LORE ITEM
Cleric,Secondary,Mana Preservation I,Testament of Vanear,https://eqlwiki.com/Testament_of_Vanear,,,10,,MAGIC ITEM|LORE ITEM|NO DROP
Cleric,Secondary,Mana Preservation II,Nisch Mas Ilkvel,https://eqlwiki.com/Nisch_Mas_Ilkvel,10,,15,Classic Era,ATTUNABLE|EQUIPPED|LORE
Cleric,Secondary,Percussion Resonance 11,Mistmoore Battle Drums,https://eqlwiki.com/Mistmoore_Battle_Drums,,,,,ATTUNEABLE|PLACEABLE
Cleric,Secondary,Percussion Resonance 14,Selo`s Drums of the March,https://eqlwiki.com/Selo`s_Drums_of_the_March,,,,,MAGIC ITEM
Cleric,Secondary,String Resonance 10,Mandolin,https://eqlwiki.com/Mandolin,,,,Classic Era,
Cleric,Secondary,String Resonance 11,Gypsy Lute,https://eqlwiki.com/Gypsy_Lute,,,,,
Cleric,Secondary,String Resonance 11,Lute of the Gypsy Princess,https://eqlwiki.com/Lute_of_the_Gypsy_Princess,,,,,ATTUNABLE|PLACEABLE
Cleric,Secondary,Wind Resonance 10,Minotaur Horn,https://eqlwiki.com/Minotaur_Horn,,,,Classic Era,
Cleric,Shoulders,Spell Haste I,Gilded Cloth,https://eqlwiki.com/Gilded_Cloth,3,,,,MAGIC ITEM
Cleric,Shoulders,Tavee's Charm of Diuturnity,Summoned: Tavee's Leather Mantle,https://eqlwiki.com/Summoned:_Tavee's_Leather_Mantle,6,10,10,Classic Era,MAGIC ITEM|TEMPORARY|EQUIPPED|LORE
Cleric,Shoulders,Tavee's Greater Diuturnity,Summoned: Tavee's Silken Mantle,https://eqlwiki.com/Summoned:_Tavee's_Silken_Mantle,9,20,20,Kunark Era,MAGIC ITEM|TEMPORARY|EQUIPPED|LORE
Cleric,Shoulders,Tavee's Lesser Diuturnity,Summoned: Tavee's Linen Mantle,https://eqlwiki.com/Summoned:_Tavee's_Linen_Mantle,3,5,5,Classic Era,MAGIC ITEM|TEMPORARY|EQUIPPED|LORE
Cleric,Shoulders,Tavee's Superior Diuturnity,Summoned: Tavee's Runed Mantle,https://eqlwiki.com/Summoned:_Tavee's_Runed_Mantle,9,20,20,Velious Era,MAGIC ITEM|TEMPORARY|EQUIPPED|LORE
Cleric,Waist,Burning Affliction II,Reed Belt,https://eqlwiki.com/Reed_Belt,6,10,,Classic Era,MAGIC ITEM
Cleric,Waist,Burning Affliction III,Bone-Clasped Girdle,https://eqlwiki.com/Bone-Clasped_Girdle,4,75,75,Classic Era,MAGIC ITEM
Cleric,Waist,Extended Enhancement II,Drakescale Belt,https://eqlwiki.com/Drakescale_Belt,5,,,Classic Era,
Cleric,Waist,Reanimation Haste III,Grotesque Girdle,https://eqlwiki.com/Grotesque_Girdle,8,100,100,FearHateRevamp Era,MAGIC ITEM|LORE ITEM|NO DROP
Cleric,Waist,Summoning Haste III,Brell's Girdle,https://eqlwiki.com/Brell's_Girdle,10,,50,Classic Era,MAGIC ITEM|LORE ITEM
Cleric,Wrist,Affliction Efficiency I,Polished Bone Bracelet,https://eqlwiki.com/Polished_Bone_Bracelet,2,,,Classic Era,MAGIC ITEM
Cleric,Wrist,Affliction Efficiency II,Chipped Bone Bracelet,https://eqlwiki.com/Chipped_Bone_Bracelet,4,,,Classic Era,MAGIC ITEM
Cleric,Wrist,Affliction Haste I,Granite Bracer,https://eqlwiki.com/Granite_Bracer,5,,,,MAGIC ITEM
Cleric,Wrist,Burning Affliction I,Summoned: Rallican's Wooden Bracelet,https://eqlwiki.com/Summoned:_Rallican's_Wooden_Bracelet,4,5,5,Classic Era,MAGIC ITEM|TEMPORARY|EQUIPPED|LORE
Cleric,Wrist,Burning Affliction II,Serpentine Bracer,https://eqlwiki.com/Serpentine_Bracer,1,,,Classic Era,MAGIC ITEM
Cleric,Wrist,Burning Affliction II,Summoned: Rallican's Stone Bracelet,https://eqlwiki.com/Summoned:_Rallican's_Stone_Bracelet,6,10,10,Classic Era,MAGIC ITEM|TEMPORARY|EQUIPPED|LORE
Cleric,Wrist,Burning Affliction III,Summoned: Rallican's Iron Bracelet,https://eqlwiki.com/Summoned:_Rallican's_Iron_Bracelet,8,20,20,Kunark Era,MAGIC ITEM|TEMPORARY|EQUIPPED|LORE
Cleric,Wrist,Burning Affliction IV,Summoned: Rallican's Steel Bracelet,https://eqlwiki.com/Summoned:_Rallican's_Steel_Bracelet,8,20,20,Velious Era,MAGIC ITEM|TEMPORARY|EQUIPPED|LORE
Cleric,Wrist,Gallenite's Chaos,Summoned: Gallenite's Sapphire Bracelet,https://eqlwiki.com/Summoned:_Gallenite's_Sapphire_Bracelet,8,20,20,Velious Era,MAGIC ITEM|TEMPORARY|EQUIPPED|LORE
Cleric,Wrist,Gallenite's Destruction,Summoned: Gallenite's Opal Bracelet,https://eqlwiki.com/Summoned:_Gallenite's_Opal_Bracelet,6,10,10,Classic Era,MAGIC ITEM|TEMPORARY|EQUIPPED|LORE
Cleric,Wrist,Gallenite's Major Destruction,Summoned: Gallenite's Ruby Bracelet,https://eqlwiki.com/Summoned:_Gallenite's_Ruby_Bracelet,8,20,20,Kunark Era,MAGIC ITEM|TEMPORARY|EQUIPPED|LORE
Cleric,Wrist,Gallenite's Minor Destruction,Summoned: Gallenite's Jade Bracelet,https://eqlwiki.com/Summoned:_Gallenite's_Jade_Bracelet,4,5,5,Classic Era,MAGIC ITEM|TEMPORARY|EQUIPPED|LORE
Cleric,Wrist,Reagent Conservation I,Happy Love Bracers,https://eqlwiki.com/Happy_Love_Bracers,1,,,,LORE ITEM|NO DROP
Cleric,Wrist,Reagent Conservation II,Amethyst Bracelet,https://eqlwiki.com/Amethyst_Bracelet,5,15,,,MAGIC ITEM
Cleric,Wrist,Reagent Conservation III,Runed Mithril Bracer,https://eqlwiki.com/Runed_Mithril_Bracer,4,,,Classic Era,MAGIC ITEM
Cleric,Wrist,Reanimation Haste I,Ivory Bracelet,https://eqlwiki.com/Ivory_Bracelet,,,20,Classic Era,MAGIC ITEM
Cleric,Wrist,Spell Haste I,Bracelet of Woven Grass,https://eqlwiki.com/Bracelet_of_Woven_Grass,1,12,,,MAGIC ITEM
Druid,Arms,Burning Affliction I,Hollowed Bone Bracers,https://eqlwiki.com/Hollowed_Bone_Bracers,6,,15,Classic Era,MAGIC ITEM
Druid,Arms,Enhancement Haste I,Gatorscale Sleeves,https://eqlwiki.com/Gatorscale_Sleeves,6,15,,Classic Era,MAGIC ITEM
Druid,Arms,Extended Range I,Drake-hide Sleeves,https://eqlwiki.com/Drake-hide_Sleeves,4,10,,Classic Era,MAGIC ITEM
Druid,Arms,Improved Damage I,Azure Sleeves,https://eqlwiki.com/Azure_Sleeves,12,,,Classic Era,MAGIC ITEM
Druid,Arms,Mana Preservation I,Platinum Armband,https://eqlwiki.com/Platinum_Armband,,,,Classic Era,MAGIC ITEM
Druid,Arms,Summoning Efficiency II,Embroidered Black Sleeves,https://eqlwiki.com/Embroidered_Black_Sleeves,4,10,25,,MAGIC ITEM
Druid,Back,Improved Damage I,Mammoth Hide Cloak,https://eqlwiki.com/Mammoth_Hide_Cloak,7,,,,
Druid,Back,Improved Damage III,White Dragonscale Cloak,https://eqlwiki.com/White_Dragonscale_Cloak,10,,75,Classic Era,MAGIC ITEM
Druid,Chest,Extended Enhancement I,Lockjaw Hide Vest,https://eqlwiki.com/Lockjaw_Hide_Vest,12,,,Classic Era,MAGIC ITEM
Druid,Chest,Mana Preservation I,Vagrant's Tunic,https://eqlwiki.com/Vagrant's_Tunic,8,5,,Classic Era,ATTUNABLE
Druid,Chest,Spell Haste II,Mithril-Runed Tunic,https://eqlwiki.com/Mithril-Runed_Tunic,10,,,,MAGIC ITEM
Druid,Ear,Affliction Efficiency I,Diamondine Earring,https://eqlwiki.com/Diamondine_Earring,2,12,,Classic Era,MAGIC ITEM
Druid,Ear,Burning Affliction I,Golden Ear Stud,https://eqlwiki.com/Golden_Ear_Stud,,,,,
Druid,Ear,Jolum's Abatement,Summoned: Jolum's Shiny Bauble,https://eqlwiki.com/Summoned:_Jolum's_Shiny_Bauble,4,10,10,Classic Era,MAGIC ITEM|TEMPORARY|EQUIPPED|LORE
Druid,Ear,Jolum's Major Abatement,Summoned: Jolum's Brilliant Bauble,https://eqlwiki.com/Summoned:_Jolum's_Brilliant_Bauble,6,20,20,Classic Era,MAGIC ITEM|TEMPORARY|EQUIPPED|LORE
Druid,Ear,Jolum's Minor Abatement,Summoned: Jolum's Tarnished Bauble,https://eqlwiki.com/Summoned:_Jolum's_Tarnished_Bauble,2,5,5,Classic Era,MAGIC ITEM|TEMPORARY|EQUIPPED|LORE
Druid,Ear,Jolum's Superior Abatement,Summoned: Jolum's Glowing Bauble,https://eqlwiki.com/Summoned:_Jolum's_Glowing_Bauble,6,20,20,Velious Era,MAGIC ITEM|TEMPORARY|EQUIPPED|LORE
Druid,Ear,Mana Preservation I,Polished Bone Hoop,https://eqlwiki.com/Polished_Bone_Hoop,,,10,,
Druid,Ear,Reagent Conservation I,Batskull Earring,https://eqlwiki.com/Batskull_Earring,,,,Classic Era,MAGIC ITEM
Druid,Face,Improved Damage II,Polished Mithril Mask,https://eqlwiki.com/Polished_Mithril_Mask,5,,,,MAGIC ITEM|LORE ITEM|NO DROP
Druid,Face,Reanimation Efficiency I,Lizardskin Tribal Mask,https://eqlwiki.com/Lizardskin_Tribal_Mask,3,,,,MAGIC ITEM
Druid,Face,Reanimation Haste I,Carved Ivory Mask,https://eqlwiki.com/Carved_Ivory_Mask,2,10,,,MAGIC ITEM
Druid,Feet,Burning Affliction II,Kobold-Hide Boots,https://eqlwiki.com/Kobold-Hide_Boots,5,10,,Classic Era,MAGIC ITEM
Druid,Feet,Enhancement Haste II,Golden Efreeti Boots,https://eqlwiki.com/Golden_Efreeti_Boots,5,,,Classic Era,MAGIC ITEM
Druid,Feet,Extended Enhancement I,Bear-hide Boots,https://eqlwiki.com/Bear-hide_Boots,5,,,,
Druid,Feet,Spell Haste I,Wolf Fur Slippers,https://eqlwiki.com/Wolf_Fur_Slippers,2,,20,Classic Era,MAGIC ITEM
Druid,Fingers,Affliction Haste I,Ring of Goblin Lords,https://eqlwiki.com/Ring_of_Goblin_Lords,4,,,,LORE ITEM
Druid,Fingers,Extended Enhancement II,Clawed Knuckle-Ring,https://eqlwiki.com/Clawed_Knuckle-Ring,,20,,,MAGIC ITEM
Druid,Fingers,Extended Range II,Moonstone Ring,https://eqlwiki.com/Moonstone_Ring,,,30,,MAGIC ITEM
Druid,Fingers,Naki's Charm of Pernicity,Summoned: Naki's Twisted Ring,https://eqlwiki.com/Summoned:_Naki's_Twisted_Ring,4,10,10,Classic Era,MAGIC ITEM|TEMPORARY|EQUIPPED|LORE
Druid,Fingers,Naki's Greater Pernicity,Summoned: Naki's Studded Ring,https://eqlwiki.com/Summoned:_Naki's_Studded_Ring,6,20,20,Kunark Era,MAGIC ITEM|TEMPORARY|EQUIPPED|LORE
Druid,Fingers,Naki's Lesser Pernicity,Summoned: Naki's Tiny Ring,https://eqlwiki.com/Summoned:_Naki's_Tiny_Ring,2,5,5,Classic Era,MAGIC ITEM|TEMPORARY|EQUIPPED|LORE
Druid,Fingers,Naki's Superior Pernicity,Summoned: Naki's Spiked Ring,https://eqlwiki.com/Summoned:_Naki's_Spiked_Ring,6,20,20,Velious Era,MAGIC ITEM|TEMPORARY|EQUIPPED|LORE
Druid,Fingers,Reanimation Efficiency II,Platinum Skull Ring,https://eqlwiki.com/Platinum_Skull_Ring,,30,20,,MAGIC ITEM
Druid,Fingers,Spell Haste II,Djarns Amethyst Ring,https://eqlwiki.com/Djarns_Amethyst_Ring,,80,,,MAGIC ITEM|LORE ITEM
Druid,Fingers,Summoning Efficiency I,Band of Flesh,https://eqlwiki.com/Band_of_Flesh,,,,,MAGIC ITEM
Druid,Fingers,Summoning Haste I,Adamantite Band,https://eqlwiki.com/Adamantite_Band,,75,,Classic Era,MAGIC ITEM
Druid,Hands,Affliction Efficiency I,Impskin Gloves,https://eqlwiki.com/Impskin_Gloves,2,,10,,MAGIC ITEM
Druid,Hands,Improved Damage I,Lupine Claw Gauntlets,https://eqlwiki.com/Lupine_Claw_Gauntlets,4,,,,MAGIC ITEM
Druid,Head,Burning Affliction II,Siryn Hair Hood,https://eqlwiki.com/Siryn_Hair_Hood,5,,,,MAGIC ITEM
Druid,Head,Enhancement Haste I,Cat Skull Cap,https://eqlwiki.com/Cat_Skull_Cap,4,,,Classic Era,MAGIC ITEM|LORE ITEM|NO DROP
Druid,Head,Enhancement Haste II,Platinum Tiara,https://eqlwiki.com/Platinum_Tiara,3,35,50,,MAGIC ITEM|LORE ITEM
Druid,Head,Extended Enhancement I,Shazda Turban,https://eqlwiki.com/Shazda_Turban,,,,,MAGIC ITEM|LORE ITEM
Druid,Head,Extended Enhancement II,Batfang Headband,https://eqlwiki.com/Batfang_Headband,2,,,Classic Era,MAGIC ITEM
Druid,Head,Improved Healing I,Turtleshell Helm,https://eqlwiki.com/Turtleshell_Helm,5,,,,MAGIC ITEM
Druid,Head,Improved Healing I,Zaharn's Coronet,https://eqlwiki.com/Zaharn's_Coronet,5,,25,,MAGIC ITEM|LORE ITEM
Druid,Head,Mana Preservation II,Mane Attraction,https://eqlwiki.com/Mane_Attraction,4,,,,LORE ITEM|NO DROP
Druid,Head,Reagent Conservation II,Crown of Leaves,https://eqlwiki.com/Crown_of_Leaves,1,,,,
Druid,Head,Reagent Conservation II,Fine Silk Turban,https://eqlwiki.com/Fine_Silk_Turban,10,,,,MAGIC ITEM
Druid,Head,Reagent Conservation II,Savant's Cap,https://eqlwiki.com/Savant's_Cap,2,,,,MAGIC ITEM
Druid,Head,Reanimation Haste I,Nightshade Wreath,https://eqlwiki.com/Nightshade_Wreath,1,,,,MAGIC ITEM
Druid,Legs,Reagent Conservation I,Drake-hide Leggings,https://eqlwiki.com/Drake-hide_Leggings,5,,,,MAGIC ITEM
Druid,Neck,Affliction Efficiency II,White Gold Necklace,https://eqlwiki.com/White_Gold_Necklace,,,,,MAGIC ITEM
Druid,Neck,Affliction Haste II,Chrysoberyl Talisman,https://eqlwiki.com/Chrysoberyl_Talisman,5,,20,,MAGIC ITEM|LORE ITEM
Druid,Neck,Burning Affliction I,Allize Volew Medicine Bag,https://eqlwiki.com/Allize_Volew_Medicine_Bag,,,,,MAGIC ITEM|LORE ITEM
Druid,Neck,Burning Affliction I,Aviak Charm,https://eqlwiki.com/Aviak_Charm,,,,,MAGIC ITEM|LORE ITEM|NO DROP
Druid,Neck,Enhancement Haste I,Cape of Midnight Mist,https://eqlwiki.com/Cape_of_Midnight_Mist,2,,,Classic Era,MAGIC ITEM
Druid,Neck,Extended Range I,An Elven Charm Necklace,https://eqlwiki.com/An_Elven_Charm_Necklace,,,,Classic Era,LORE ITEM
Druid,Neck,Extended Range I,Elven Charm Necklace,https://eqlwiki.com/Elven_Charm_Necklace,,,,Classic Era,
Druid,Neck,Extended Range I,Glowing Bone Collar,https://eqlwiki.com/Glowing_Bone_Collar,5,25,25,Classic Era,MAGIC ITEM|LORE ITEM
Druid,Neck,Jedah's Conservation,Summoned: Jedah's Silver Choker,https://eqlwiki.com/Summoned:_Jedah's_Silver_Choker,5,10,10,,MAGIC ITEM|TEMPORARY|EQUIPPED|LORE
Druid,Neck,Jedah's Greater Conservation,Summoned: Jedah's Golden Choker,https://eqlwiki.com/Summoned:_Jedah's_Golden_Choker,8,20,20,,MAGIC ITEM|TEMPORARY|EQUIPPED|LORE
Druid,Neck,Jedah's Lesser Conservation,Summoned: Jedah's Brass Choker,https://eqlwiki.com/Summoned:_Jedah's_Brass_Choker,2,5,5,,MAGIC ITEM|TEMPORARY|EQUIPPED|LORE
Druid,Neck,Jedah's Superior Conservation,Summoned: Jedah's Platinum Choker,https://eqlwiki.com/Summoned:_Jedah's_Platinum_Choker,8,20,20,Velious Era,MAGIC ITEM|TEMPORARY|EQUIPPED|LORE
Druid,Neck,Mana Preservation II,Black Alloy Medallion,https://eqlwiki.com/Black_Alloy_Medallion,6,,,Classic Era,MAGIC ITEM
Druid,Neck,Spell Haste I,Beaded Slime Necklace,https://eqlwiki.com/Beaded_Slime_Necklace,,,,,
Druid,Primary,Brass Resonance 14,McVaxius` Horn of War,https://eqlwiki.com/McVaxius`_Horn_of_War,,,,,MAGIC ITEM|LORE ITEM
Druid,Primary,Improved Healing III,Idol of the Underking,https://eqlwiki.com/Idol_of_the_Underking,,20,20,Classic Era,MAGIC ITEM|LORE ITEM
Druid,Primary,Percussion Resonance 11,Mistmoore Battle Drums,https://eqlwiki.com/Mistmoore_Battle_Drums,,,,,ATTUNEABLE|PLACEABLE
Druid,Primary,Percussion Resonance 14,Selo`s Drums of the March,https://eqlwiki.com/Selo`s_Drums_of_the_March,,,,,MAGIC ITEM
Druid,Primary,String Resonance 11,Gypsy Lute,https://eqlwiki.com/Gypsy_Lute,,,,,
Druid,Primary,String Resonance 11,Lute of the Gypsy Princess,https://eqlwiki.com/Lute_of_the_Gypsy_Princess,,,,,ATTUNABLE|PLACEABLE
Druid,Primary,Wind Resonance 10,Minotaur Horn,https://eqlwiki.com/Minotaur_Horn,,,,Classic Era,
Druid,Range,Improved Healing III,Idol of the Underking,https://eqlwiki.com/Idol_of_the_Underking,,20,20,Classic Era,MAGIC ITEM|LORE ITEM
Druid,Secondary,Brass Resonance 14,McVaxius` Horn of War,https://eqlwiki.com/McVaxius`_Horn_of_War,,,,,MAGIC ITEM|LORE ITEM
Druid,Secondary,Brass Resonance 8,Alluring Horn,https://eqlwiki.com/Alluring_Horn,,,,EpicQuests Era,MAGIC ITEM|LORE ITEM|NO DROP
Druid,Secondary,Improved Damage I,Spiked Buckler,https://eqlwiki.com/Spiked_Buckler,10,,,Classic Era,
Druid,Secondary,Improved Healing III,Idol of the Underking,https://eqlwiki.com/Idol_of_the_Underking,,20,20,Classic Era,MAGIC ITEM|LORE ITEM
Druid,Secondary,Mana Preservation I,Testament of Vanear,https://eqlwiki.com/Testament_of_Vanear,,,10,,MAGIC ITEM|LORE ITEM|NO DROP
Druid,Secondary,Mana Preservation II,Nisch Mas Ilkvel,https://eqlwiki.com/Nisch_Mas_Ilkvel,10,,15,Classic Era,ATTUNABLE|EQUIPPED|LORE
Druid,Secondary,Percussion Resonance 11,Mistmoore Battle Drums,https://eqlwiki.com/Mistmoore_Battle_Drums,,,,,ATTUNEABLE|PLACEABLE
Druid,Secondary,Percussion Resonance 14,Selo`s Drums of the March,https://eqlwiki.com/Selo`s_Drums_of_the_March,,,,,MAGIC ITEM
Druid,Secondary,String Resonance 10,Mandolin,https://eqlwiki.com/Mandolin,,,,Classic Era,
Druid,Secondary,String Resonance 11,Gypsy Lute,https://eqlwiki.com/Gypsy_Lute,,,,,
Druid,Secondary,String Resonance 11,Lute of the Gypsy Princess,https://eqlwiki.com/Lute_of_the_Gypsy_Princess,,,,,ATTUNABLE|PLACEABLE
Druid,Secondary,Wind Resonance 10,Minotaur Horn,https://eqlwiki.com/Minotaur_Horn,,,,Classic Era,
Druid,Shoulders,Enhancement Haste I,Braided Ivy Cords,https://eqlwiki.com/Braided_Ivy_Cords,4,,,Classic Era,MAGIC ITEM
Druid,Shoulders,Spell Haste I,Gilded Cloth,https://eqlwiki.com/Gilded_Cloth,3,,,,MAGIC ITEM
Druid,Shoulders,Tavee's Charm of Diuturnity,Summoned: Tavee's Leather Mantle,https://eqlwiki.com/Summoned:_Tavee's_Leather_Mantle,6,10,10,Classic Era,MAGIC ITEM|TEMPORARY|EQUIPPED|LORE
Druid,Shoulders,Tavee's Greater Diuturnity,Summoned: Tavee's Silken Mantle,https://eqlwiki.com/Summoned:_Tavee's_Silken_Mantle,9,20,20,Kunark Era,MAGIC ITEM|TEMPORARY|EQUIPPED|LORE
Druid,Shoulders,Tavee's Lesser Diuturnity,Summoned: Tavee's Linen Mantle,https://eqlwiki.com/Summoned:_Tavee's_Linen_Mantle,3,5,5,Classic Era,MAGIC ITEM|TEMPORARY|EQUIPPED|LORE
Druid,Shoulders,Tavee's Superior Diuturnity,Summoned: Tavee's Runed Mantle,https://eqlwiki.com/Summoned:_Tavee's_Runed_Mantle,9,20,20,Velious Era,MAGIC ITEM|TEMPORARY|EQUIPPED|LORE
Druid,Waist,Burning Affliction II,Reed Belt,https://eqlwiki.com/Reed_Belt,6,10,,Classic Era,MAGIC ITEM
Druid,Waist,Burning Affliction III,Bone-Clasped Girdle,https://eqlwiki.com/Bone-Clasped_Girdle,4,75,75,Classic Era,MAGIC ITEM
Druid,Waist,Extended Enhancement II,Drakescale Belt,https://eqlwiki.com/Drakescale_Belt,5,,,Classic Era,
Druid,Waist,Reanimation Haste III,Grotesque Girdle,https://eqlwiki.com/Grotesque_Girdle,8,100,100,FearHateRevamp Era,MAGIC ITEM|LORE ITEM|NO DROP
Druid,Waist,Summoning Haste III,Brell's Girdle,https://eqlwiki.com/Brell's_Girdle,10,,50,Classic Era,MAGIC ITEM|LORE ITEM
Druid,Wrist,Affliction Efficiency I,Polished Bone Bracelet,https://eqlwiki.com/Polished_Bone_Bracelet,2,,,Classic Era,MAGIC ITEM
Druid,Wrist,Affliction Efficiency II,Chipped Bone Bracelet,https://eqlwiki.com/Chipped_Bone_Bracelet,4,,,Classic Era,MAGIC ITEM
Druid,Wrist,Affliction Haste I,Granite Bracer,https://eqlwiki.com/Granite_Bracer,5,,,,MAGIC ITEM
Druid,Wrist,Burning Affliction I,Summoned: Rallican's Wooden Bracelet,https://eqlwiki.com/Summoned:_Rallican's_Wooden_Bracelet,4,5,5,Classic Era,MAGIC ITEM|TEMPORARY|EQUIPPED|LORE
Druid,Wrist,Burning Affliction II,Serpentine Bracer,https://eqlwiki.com/Serpentine_Bracer,1,,,Classic Era,MAGIC ITEM
Druid,Wrist,Burning Affliction II,Summoned: Rallican's Stone Bracelet,https://eqlwiki.com/Summoned:_Rallican's_Stone_Bracelet,6,10,10,Classic Era,MAGIC ITEM|TEMPORARY|EQUIPPED|LORE
Druid,Wrist,Burning Affliction III,Summoned: Rallican's Iron Bracelet,https://eqlwiki.com/Summoned:_Rallican's_Iron_Bracelet,8,20,20,Kunark Era,MAGIC ITEM|TEMPORARY|EQUIPPED|LORE
Druid,Wrist,Burning Affliction IV,Summoned: Rallican's Steel Bracelet,https://eqlwiki.com/Summoned:_Rallican's_Steel_Bracelet,8,20,20,Velious Era,MAGIC ITEM|TEMPORARY|EQUIPPED|LORE
Druid,Wrist,Gallenite's Chaos,Summoned: Gallenite's Sapphire Bracelet,https://eqlwiki.com/Summoned:_Gallenite's_Sapphire_Bracelet,8,20,20,Velious Era,MAGIC ITEM|TEMPORARY|EQUIPPED|LORE
Druid,Wrist,Gallenite's Destruction,Summoned: Gallenite's Opal Bracelet,https://eqlwiki.com/Summoned:_Gallenite's_Opal_Bracelet,6,10,10,Classic Era,MAGIC ITEM|TEMPORARY|EQUIPPED|LORE
Druid,Wrist,Gallenite's Major Destruction,Summoned: Gallenite's Ruby Bracelet,https://eqlwiki.com/Summoned:_Gallenite's_Ruby_Bracelet,8,20,20,Kunark Era,MAGIC ITEM|TEMPORARY|EQUIPPED|LORE
Druid,Wrist,Gallenite's Minor Destruction,Summoned: Gallenite's Jade Bracelet,https://eqlwiki.com/Summoned:_Gallenite's_Jade_Bracelet,4,5,5,Classic Era,MAGIC ITEM|TEMPORARY|EQUIPPED|LORE
Druid,Wrist,Reagent Conservation I,Happy Love Bracers,https://eqlwiki.com/Happy_Love_Bracers,1,,,,LORE ITEM|NO DROP
Druid,Wrist,Reagent Conservation II,Amethyst Bracelet,https://eqlwiki.com/Amethyst_Bracelet,5,15,,,MAGIC ITEM
Druid,Wrist,Reagent Conservation III,Runed Mithril Bracer,https://eqlwiki.com/Runed_Mithril_Bracer,4,,,Classic Era,MAGIC ITEM
Druid,Wrist,Reanimation Haste I,Ivory Bracelet,https://eqlwiki.com/Ivory_Bracelet,,,20,Classic Era,MAGIC ITEM
Druid,Wrist,Spell Haste I,Bracelet of Woven Grass,https://eqlwiki.com/Bracelet_of_Woven_Grass,1,12,,,MAGIC ITEM
Enchanter,Arms,Burning Affliction I,Hollowed Bone Bracers,https://eqlwiki.com/Hollowed_Bone_Bracers,6,,15,Classic Era,MAGIC ITEM
Enchanter,Arms,Enhancement Haste I,Gatorscale Sleeves,https://eqlwiki.com/Gatorscale_Sleeves,6,15,,Classic Era,MAGIC ITEM
Enchanter,Arms,Extended Range I,Drake-hide Sleeves,https://eqlwiki.com/Drake-hide_Sleeves,4,10,,Classic Era,MAGIC ITEM
Enchanter,Arms,Improved Damage I,Azure Sleeves,https://eqlwiki.com/Azure_Sleeves,12,,,Classic Era,MAGIC ITEM
Enchanter,Arms,Mana Preservation I,Platinum Armband,https://eqlwiki.com/Platinum_Armband,,,,Classic Era,MAGIC ITEM
Enchanter,Arms,Summoning Efficiency II,Embroidered Black Sleeves,https://eqlwiki.com/Embroidered_Black_Sleeves,4,10,25,,MAGIC ITEM
Enchanter,Back,Improved Damage I,Mammoth Hide Cloak,https://eqlwiki.com/Mammoth_Hide_Cloak,7,,,,
Enchanter,Back,Improved Damage III,White Dragonscale Cloak,https://eqlwiki.com/White_Dragonscale_Cloak,10,,75,Classic Era,MAGIC ITEM
Enchanter,Chest,Affliction Haste II,Green Silken Drape,https://eqlwiki.com/Green_Silken_Drape,8,,,,MAGIC ITEM
Enchanter,Chest,Extended Enhancement I,Damask Robe,https://eqlwiki.com/Damask_Robe,6,,,,MAGIC ITEM
Enchanter,Chest,Extended Enhancement I,Lockjaw Hide Vest,https://eqlwiki.com/Lockjaw_Hide_Vest,12,,,Classic Era,MAGIC ITEM
Enchanter,Chest,Improved Damage I,Robe of the Oracle,https://eqlwiki.com/Robe_of_the_Oracle,9,,25,Classic Era,MAGIC ITEM|LORE ITEM
Enchanter,Chest,Minor Improved Damage I,Smoldering Robe,https://eqlwiki.com/Smoldering_Robe,4,,5,Classic Era,NO TRADE|EQUIPPED|LORE
Enchanter,Chest,Reagent Conservation III,Robe of the Kedge,https://eqlwiki.com/Robe_of_the_Kedge,8,,100,,MAGIC ITEM|NO DROP
Enchanter,Chest,Reanimation Efficiency I,Flowing Black Robe,https://eqlwiki.com/Flowing_Black_Robe,8,,,,MAGIC ITEM|LORE ITEM
Enchanter,Chest,Reanimation Efficiency I,Ill-Fitting Robes,https://eqlwiki.com/Ill-Fitting_Robes,,,,,
Enchanter,Chest,Reanimation Efficiency III,Robe of the Ishva,https://eqlwiki.com/Robe_of_the_Ishva,8,,50,,MAGIC ITEM|LORE ITEM
Enchanter,Chest,Spell Haste II,Mithril-Runed Tunic,https://eqlwiki.com/Mithril-Runed_Tunic,10,,,,MAGIC ITEM
Enchanter,Chest,Spell Haste II,Shining Metallic Robes,https://eqlwiki.com/Shining_Metallic_Robes,10,,,,MAGIC ITEM
Enchanter,Chest,Spell Haste II,Shiny Robe of the Underfoot,https://eqlwiki.com/Shiny_Robe_of_the_Underfoot,12,,30,Classic Era,MAGIC ITEM|LORE ITEM
Enchanter,Chest,Summoning Efficiency I,Gossamer Robe,https://eqlwiki.com/Gossamer_Robe,8,,,,MAGIC ITEM
Enchanter,Ear,Affliction Efficiency I,Diamondine Earring,https://eqlwiki.com/Diamondine_Earring,2,12,,Classic Era,MAGIC ITEM
Enchanter,Ear,Burning Affliction I,Golden Ear Stud,https://eqlwiki.com/Golden_Ear_Stud,,,,,
Enchanter,Ear,Jolum's Abatement,Summoned: Jolum's Shiny Bauble,https://eqlwiki.com/Summoned:_Jolum's_Shiny_Bauble,4,10,10,Classic Era,MAGIC ITEM|TEMPORARY|EQUIPPED|LORE
Enchanter,Ear,Jolum's Major Abatement,Summoned: Jolum's Brilliant Bauble,https://eqlwiki.com/Summoned:_Jolum's_Brilliant_Bauble,6,20,20,Classic Era,MAGIC ITEM|TEMPORARY|EQUIPPED|LORE
Enchanter,Ear,Jolum's Minor Abatement,Summoned: Jolum's Tarnished Bauble,https://eqlwiki.com/Summoned:_Jolum's_Tarnished_Bauble,2,5,5,Classic Era,MAGIC ITEM|TEMPORARY|EQUIPPED|LORE
Enchanter,Ear,Jolum's Superior Abatement,Summoned: Jolum's Glowing Bauble,https://eqlwiki.com/Summoned:_Jolum's_Glowing_Bauble,6,20,20,Velious Era,MAGIC ITEM|TEMPORARY|EQUIPPED|LORE
Enchanter,Ear,Mana Preservation I,Polished Bone Hoop,https://eqlwiki.com/Polished_Bone_Hoop,,,10,,
Enchanter,Ear,Reagent Conservation I,Batskull Earring,https://eqlwiki.com/Batskull_Earring,,,,Classic Era,MAGIC ITEM
Enchanter,Face,Burning Affliction I,Burrowing Goggles,https://eqlwiki.com/Burrowing_Goggles,5,10,,,
Enchanter,Face,Improved Damage II,Polished Mithril Mask,https://eqlwiki.com/Polished_Mithril_Mask,5,,,,MAGIC ITEM|LORE ITEM|NO DROP
Enchanter,Face,Reanimation Efficiency I,Lizardskin Tribal Mask,https://eqlwiki.com/Lizardskin_Tribal_Mask,3,,,,MAGIC ITEM
Enchanter,Face,Reanimation Haste I,Carved Ivory Mask,https://eqlwiki.com/Carved_Ivory_Mask,2,10,,,MAGIC ITEM
Enchanter,Face,Summoning Haste II,Incandescent Mask,https://eqlwiki.com/Incandescent_Mask,3,,,Temple Era,MAGIC ITEM|LORE ITEM
Enchanter,Feet,Burning Affliction II,Kobold-Hide Boots,https://eqlwiki.com/Kobold-Hide_Boots,5,10,,Classic Era,MAGIC ITEM
Enchanter,Feet,Enhancement Haste II,Golden Efreeti Boots,https://eqlwiki.com/Golden_Efreeti_Boots,5,,,Classic Era,MAGIC ITEM
Enchanter,Feet,Extended Enhancement I,Bear-hide Boots,https://eqlwiki.com/Bear-hide_Boots,5,,,,
Enchanter,Feet,Spell Haste I,Wolf Fur Slippers,https://eqlwiki.com/Wolf_Fur_Slippers,2,,20,Classic Era,MAGIC ITEM
Enchanter,Fingers,Affliction Haste I,Ring of Goblin Lords,https://eqlwiki.com/Ring_of_Goblin_Lords,4,,,,LORE ITEM
Enchanter,Fingers,Extended Enhancement II,Clawed Knuckle-Ring,https://eqlwiki.com/Clawed_Knuckle-Ring,,20,,,MAGIC ITEM
Enchanter,Fingers,Extended Range II,Moonstone Ring,https://eqlwiki.com/Moonstone_Ring,,,30,,MAGIC ITEM
Enchanter,Fingers,Naki's Charm of Pernicity,Summoned: Naki's Twisted Ring,https://eqlwiki.com/Summoned:_Naki's_Twisted_Ring,4,10,10,Classic Era,MAGIC ITEM|TEMPORARY|EQUIPPED|LORE
Enchanter,Fingers,Naki's Greater Pernicity,Summoned: Naki's Studded Ring,https://eqlwiki.com/Summoned:_Naki's_Studded_Ring,6,20,20,Kunark Era,MAGIC ITEM|TEMPORARY|EQUIPPED|LORE
Enchanter,Fingers,Naki's Lesser Pernicity,Summoned: Naki's Tiny Ring,https://eqlwiki.com/Summoned:_Naki's_Tiny_Ring,2,5,5,Classic Era,MAGIC ITEM|TEMPORARY|EQUIPPED|LORE
Enchanter,Fingers,Naki's Superior Pernicity,Summoned: Naki's Spiked Ring,https://eqlwiki.com/Summoned:_Naki's_Spiked_Ring,6,20,20,Velious Era,MAGIC ITEM|TEMPORARY|EQUIPPED|LORE
Enchanter,Fingers,Reanimation Efficiency II,Platinum Skull Ring,https://eqlwiki.com/Platinum_Skull_Ring,,30,20,,MAGIC ITEM
Enchanter,Fingers,Spell Haste II,Djarns Amethyst Ring,https://eqlwiki.com/Djarns_Amethyst_Ring,,80,,,MAGIC ITEM|LORE ITEM
Enchanter,Fingers,Summoning Efficiency I,Band of Flesh,https://eqlwiki.com/Band_of_Flesh,,,,,MAGIC ITEM
Enchanter,Fingers,Summoning Haste I,Adamantite Band,https://eqlwiki.com/Adamantite_Band,,75,,Classic Era,MAGIC ITEM
Enchanter,Hands,Affliction Efficiency I,Impskin Gloves,https://eqlwiki.com/Impskin_Gloves,2,,10,,MAGIC ITEM
Enchanter,Hands,Improved Damage I,Lupine Claw Gauntlets,https://eqlwiki.com/Lupine_Claw_Gauntlets,4,,,,MAGIC ITEM
Enchanter,Hands,Summoning Efficiency I,Dusty Bloodstained Gloves,https://eqlwiki.com/Dusty_Bloodstained_Gloves,2,,25,,MAGIC ITEM
Enchanter,Head,Burning Affliction II,Siryn Hair Hood,https://eqlwiki.com/Siryn_Hair_Hood,5,,,,MAGIC ITEM
Enchanter,Head,Burning Affliction III,Cryosilk Cap,https://eqlwiki.com/Cryosilk_Cap,5,10,10,Classic Era,MAGIC ITEM|NO DROP
Enchanter,Head,Enhancement Haste I,Cat Skull Cap,https://eqlwiki.com/Cat_Skull_Cap,4,,,Classic Era,MAGIC ITEM|LORE ITEM|NO DROP
Enchanter,Head,Enhancement Haste II,Platinum Tiara,https://eqlwiki.com/Platinum_Tiara,3,35,50,,MAGIC ITEM|LORE ITEM
Enchanter,Head,Extended Enhancement I,Shazda Turban,https://eqlwiki.com/Shazda_Turban,,,,,MAGIC ITEM|LORE ITEM
Enchanter,Head,Extended Enhancement II,Batfang Headband,https://eqlwiki.com/Batfang_Headband,2,,,Classic Era,MAGIC ITEM
Enchanter,Head,Improved Healing I,Turtleshell Helm,https://eqlwiki.com/Turtleshell_Helm,5,,,,MAGIC ITEM
Enchanter,Head,Mana Preservation II,Mane Attraction,https://eqlwiki.com/Mane_Attraction,4,,,,LORE ITEM|NO DROP
Enchanter,Head,Reagent Conservation II,Crown of Leaves,https://eqlwiki.com/Crown_of_Leaves,1,,,,
Enchanter,Head,Reagent Conservation II,Fine Silk Turban,https://eqlwiki.com/Fine_Silk_Turban,10,,,,MAGIC ITEM
Enchanter,Head,Reagent Conservation II,Savant's Cap,https://eqlwiki.com/Savant's_Cap,2,,,,MAGIC ITEM
Enchanter,Head,Reanimation Efficiency II,Runed Cowl,https://eqlwiki.com/Runed_Cowl,2,,,Classic Era,MAGIC ITEM
Enchanter,Head,Reanimation Haste I,Nightshade Wreath,https://eqlwiki.com/Nightshade_Wreath,1,,,,MAGIC ITEM
Enchanter,Legs,Reagent Conservation I,Drake-hide Leggings,https://eqlwiki.com/Drake-hide_Leggings,5,,,,MAGIC ITEM
Enchanter,Legs,Reanimation Haste II,Ishva Mas Leggings,https://eqlwiki.com/Ishva_Mas_Leggings,5,,,Classic Era,ATTUNABLE|EQUIPPED|LORE
Enchanter,Neck,Affliction Efficiency II,White Gold Necklace,https://eqlwiki.com/White_Gold_Necklace,,,,,MAGIC ITEM
Enchanter,Neck,Affliction Haste II,Chrysoberyl Talisman,https://eqlwiki.com/Chrysoberyl_Talisman,5,,20,,MAGIC ITEM|LORE ITEM
Enchanter,Neck,Burning Affliction I,Allize Volew Medicine Bag,https://eqlwiki.com/Allize_Volew_Medicine_Bag,,,,,MAGIC ITEM|LORE ITEM
Enchanter,Neck,Burning Affliction I,Aviak Charm,https://eqlwiki.com/Aviak_Charm,,,,,MAGIC ITEM|LORE ITEM|NO DROP
Enchanter,Neck,Enhancement Haste I,Cape of Midnight Mist,https://eqlwiki.com/Cape_of_Midnight_Mist,2,,,Classic Era,MAGIC ITEM
Enchanter,Neck,Extended Range I,An Elven Charm Necklace,https://eqlwiki.com/An_Elven_Charm_Necklace,,,,Classic Era,LORE ITEM
Enchanter,Neck,Extended Range I,Elven Charm Necklace,https://eqlwiki.com/Elven_Charm_Necklace,,,,Classic Era,
Enchanter,Neck,Extended Range I,Glowing Bone Collar,https://eqlwiki.com/Glowing_Bone_Collar,5,25,25,Classic Era,MAGIC ITEM|LORE ITEM
Enchanter,Neck,Jedah's Conservation,Summoned: Jedah's Silver Choker,https://eqlwiki.com/Summoned:_Jedah's_Silver_Choker,5,10,10,,MAGIC ITEM|TEMPORARY|EQUIPPED|LORE
Enchanter,Neck,Jedah's Greater Conservation,Summoned: Jedah's Golden Choker,https://eqlwiki.com/Summoned:_Jedah's_Golden_Choker,8,20,20,,MAGIC ITEM|TEMPORARY|EQUIPPED|LORE
Enchanter,Neck,Jedah's Lesser Conservation,Summoned: Jedah's Brass Choker,https://eqlwiki.com/Summoned:_Jedah's_Brass_Choker,2,5,5,,MAGIC ITEM|TEMPORARY|EQUIPPED|LORE
Enchanter,Neck,Jedah's Superior Conservation,Summoned: Jedah's Platinum Choker,https://eqlwiki.com/Summoned:_Jedah's_Platinum_Choker,8,20,20,Velious Era,MAGIC ITEM|TEMPORARY|EQUIPPED|LORE
Enchanter,Neck,Mana Preservation II,Black Alloy Medallion,https://eqlwiki.com/Black_Alloy_Medallion,6,,,Classic Era,MAGIC ITEM
Enchanter,Neck,Spell Haste I,Beaded Slime Necklace,https://eqlwiki.com/Beaded_Slime_Necklace,,,,,
Enchanter,Primary,Brass Resonance 14,McVaxius` Horn of War,https://eqlwiki.com/McVaxius`_Horn_of_War,,,,,MAGIC ITEM|LORE ITEM
Enchanter,Primary,Burning Affliction II,Black Tome with Silver Runes,https://eqlwiki.com/Black_Tome_with_Silver_Runes,,,30,Classic Era,MAGIC ITEM
Enchanter,Primary,Improved Healing III,Idol of the Underking,https://eqlwiki.com/Idol_of_the_Underking,,20,20,Classic Era,MAGIC ITEM|LORE ITEM
Enchanter,Primary,Percussion Resonance 11,Mistmoore Battle Drums,https://eqlwiki.com/Mistmoore_Battle_Drums,,,,,ATTUNEABLE|PLACEABLE
Enchanter,Primary,Percussion Resonance 14,Selo`s Drums of the March,https://eqlwiki.com/Selo`s_Drums_of_the_March,,,,,MAGIC ITEM
Enchanter,Primary,Reagent Conservation I,The Artist's Brush,https://eqlwiki.com/The_Artist's_Brush,,,10,,
Enchanter,Primary,String Resonance 11,Gypsy Lute,https://eqlwiki.com/Gypsy_Lute,,,,,
Enchanter,Primary,String Resonance 11,Lute of the Gypsy Princess,https://eqlwiki.com/Lute_of_the_Gypsy_Princess,,,,,ATTUNABLE|PLACEABLE
Enchanter,Primary,Wind Resonance 10,Minotaur Horn,https://eqlwiki.com/Minotaur_Horn,,,,Classic Era,
Enchanter,Range,Improved Healing III,Idol of the Underking,https://eqlwiki.com/Idol_of_the_Underking,,20,20,Classic Era,MAGIC ITEM|LORE ITEM
Enchanter,Range,Reagent Conservation I,The Artist's Brush,https://eqlwiki.com/The_Artist's_Brush,,,10,,
Enchanter,Secondary,Brass Resonance 14,McVaxius` Horn of War,https://eqlwiki.com/McVaxius`_Horn_of_War,,,,,MAGIC ITEM|LORE ITEM
Enchanter,Secondary,Brass Resonance 8,Alluring Horn,https://eqlwiki.com/Alluring_Horn,,,,EpicQuests Era,MAGIC ITEM|LORE ITEM|NO DROP
Enchanter,Secondary,Extended Enhancement III,Rokyls Channelling Crystal,https://eqlwiki.com/Rokyls_Channelling_Crystal,10,50,50,,MAGIC ITEM|LORE ITEM
Enchanter,Secondary,Improved Healing III,Idol of the Underking,https://eqlwiki.com/Idol_of_the_Underking,,20,20,Classic Era,MAGIC ITEM|LORE ITEM
Enchanter,Secondary,Mana Preservation I,Testament of Vanear,https://eqlwiki.com/Testament_of_Vanear,,,10,,MAGIC ITEM|LORE ITEM|NO DROP
Enchanter,Secondary,Percussion Resonance 11,Mistmoore Battle Drums,https://eqlwiki.com/Mistmoore_Battle_Drums,,,,,ATTUNEABLE|PLACEABLE
Enchanter,Secondary,Percussion Resonance 14,Selo`s Drums of the March,https://eqlwiki.com/Selo`s_Drums_of_the_March,,,,,MAGIC ITEM
Enchanter,Secondary,Reagent Conservation I,The Artist's Brush,https://eqlwiki.com/The_Artist's_Brush,,,10,,
Enchanter,Secondary,String Resonance 10,Mandolin,https://eqlwiki.com/Mandolin,,,,Classic Era,
Enchanter,Secondary,String Resonance 11,Gypsy Lute,https://eqlwiki.com/Gypsy_Lute,,,,,
Enchanter,Secondary,String Resonance 11,Lute of the Gypsy Princess,https://eqlwiki.com/Lute_of_the_Gypsy_Princess,,,,,ATTUNABLE|PLACEABLE
Enchanter,Secondary,Summoning Haste I,A Shimmering Orb,https://eqlwiki.com/A_Shimmering_Orb,15,20,,Classic Era,MAGIC ITEM|LORE ITEM
Enchanter,Secondary,Wind Resonance 10,Minotaur Horn,https://eqlwiki.com/Minotaur_Horn,,,,Classic Era,
Enchanter,Shoulders,Affliction Efficiency II,Squallsurge Shawl,https://eqlwiki.com/Squallsurge_Shawl,5,,50,,MAGIC ITEM
Enchanter,Shoulders,Enhancement Haste I,Braided Ivy Cords,https://eqlwiki.com/Braided_Ivy_Cords,4,,,Classic Era,MAGIC ITEM
Enchanter,Shoulders,Spell Haste I,Gilded Cloth,https://eqlwiki.com/Gilded_Cloth,3,,,,MAGIC ITEM
Enchanter,Shoulders,Tavee's Charm of Diuturnity,Summoned: Tavee's Leather Mantle,https://eqlwiki.com/Summoned:_Tavee's_Leather_Mantle,6,10,10,Classic Era,MAGIC ITEM|TEMPORARY|EQUIPPED|LORE
Enchanter,Shoulders,Tavee's Greater Diuturnity,Summoned: Tavee's Silken Mantle,https://eqlwiki.com/Summoned:_Tavee's_Silken_Mantle,9,20,20,Kunark Era,MAGIC ITEM|TEMPORARY|EQUIPPED|LORE
Enchanter,Shoulders,Tavee's Lesser Diuturnity,Summoned: Tavee's Linen Mantle,https://eqlwiki.com/Summoned:_Tavee's_Linen_Mantle,3,5,5,Classic Era,MAGIC ITEM|TEMPORARY|EQUIPPED|LORE
Enchanter,Shoulders,Tavee's Superior Diuturnity,Summoned: Tavee's Runed Mantle,https://eqlwiki.com/Summoned:_Tavee's_Runed_Mantle,9,20,20,Velious Era,MAGIC ITEM|TEMPORARY|EQUIPPED|LORE
Enchanter,Waist,Burning Affliction II,Reed Belt,https://eqlwiki.com/Reed_Belt,6,10,,Classic Era,MAGIC ITEM
Enchanter,Waist,Burning Affliction III,Bone-Clasped Girdle,https://eqlwiki.com/Bone-Clasped_Girdle,4,75,75,Classic Era,MAGIC ITEM
Enchanter,Waist,Extended Enhancement II,Drakescale Belt,https://eqlwiki.com/Drakescale_Belt,5,,,Classic Era,
Enchanter,Waist,Extended Range III,Cryosilk Sash,https://eqlwiki.com/Cryosilk_Sash,4,,10,Fear Era,MAGIC ITEM|NO DROP
Enchanter,Waist,Reanimation Haste III,Grotesque Girdle,https://eqlwiki.com/Grotesque_Girdle,8,100,100,FearHateRevamp Era,MAGIC ITEM|LORE ITEM|NO DROP
Enchanter,Waist,Summoning Haste III,Brell's Girdle,https://eqlwiki.com/Brell's_Girdle,10,,50,Classic Era,MAGIC ITEM|LORE ITEM
Enchanter,Wrist,Affliction Efficiency I,Polished Bone Bracelet,https://eqlwiki.com/Polished_Bone_Bracelet,2,,,Classic Era,MAGIC ITEM
Enchanter,Wrist,Affliction Efficiency II,Chipped Bone Bracelet,https://eqlwiki.com/Chipped_Bone_Bracelet,4,,,Classic Era,MAGIC ITEM
Enchanter,Wrist,Affliction Haste I,Granite Bracer,https://eqlwiki.com/Granite_Bracer,5,,,,MAGIC ITEM
Enchanter,Wrist,Burning Affliction I,Summoned: Rallican's Wooden Bracelet,https://eqlwiki.com/Summoned:_Rallican's_Wooden_Bracelet,4,5,5,Classic Era,MAGIC ITEM|TEMPORARY|EQUIPPED|LORE
Enchanter,Wrist,Burning Affliction II,Serpentine Bracer,https://eqlwiki.com/Serpentine_Bracer,1,,,Classic Era,MAGIC ITEM
Enchanter,Wrist,Burning Affliction II,Summoned: Rallican's Stone Bracelet,https://eqlwiki.com/Summoned:_Rallican's_Stone_Bracelet,6,10,10,Classic Era,MAGIC ITEM|TEMPORARY|EQUIPPED|LORE
Enchanter,Wrist,Burning Affliction III,Summoned: Rallican's Iron Bracelet,https://eqlwiki.com/Summoned:_Rallican's_Iron_Bracelet,8,20,20,Kunark Era,MAGIC ITEM|TEMPORARY|EQUIPPED|LORE
Enchanter,Wrist,Burning Affliction IV,Summoned: Rallican's Steel Bracelet,https://eqlwiki.com/Summoned:_Rallican's_Steel_Bracelet,8,20,20,Velious Era,MAGIC ITEM|TEMPORARY|EQUIPPED|LORE
Enchanter,Wrist,Gallenite's Chaos,Summoned: Gallenite's Sapphire Bracelet,https://eqlwiki.com/Summoned:_Gallenite's_Sapphire_Bracelet,8,20,20,Velious Era,MAGIC ITEM|TEMPORARY|EQUIPPED|LORE
Enchanter,Wrist,Gallenite's Destruction,Summoned: Gallenite's Opal Bracelet,https://eqlwiki.com/Summoned:_Gallenite's_Opal_Bracelet,6,10,10,Classic Era,MAGIC ITEM|TEMPORARY|EQUIPPED|LORE
Enchanter,Wrist,Gallenite's Major Destruction,Summoned: Gallenite's Ruby Bracelet,https://eqlwiki.com/Summoned:_Gallenite's_Ruby_Bracelet,8,20,20,Kunark Era,MAGIC ITEM|TEMPORARY|EQUIPPED|LORE
Enchanter,Wrist,Gallenite's Minor Destruction,Summoned: Gallenite's Jade Bracelet,https://eqlwiki.com/Summoned:_Gallenite's_Jade_Bracelet,4,5,5,Classic Era,MAGIC ITEM|TEMPORARY|EQUIPPED|LORE
Enchanter,Wrist,Reagent Conservation I,Happy Love Bracers,https://eqlwiki.com/Happy_Love_Bracers,1,,,,LORE ITEM|NO DROP
Enchanter,Wrist,Reagent Conservation II,Amethyst Bracelet,https://eqlwiki.com/Amethyst_Bracelet,5,15,,,MAGIC ITEM
Enchanter,Wrist,Reagent Conservation III,Runed Mithril Bracer,https://eqlwiki.com/Runed_Mithril_Bracer,4,,,Classic Era,MAGIC ITEM
Enchanter,Wrist,Reanimation Haste I,Ivory Bracelet,https://eqlwiki.com/Ivory_Bracelet,,,20,Classic Era,MAGIC ITEM
Enchanter,Wrist,Spell Haste I,Bracelet of Woven Grass,https://eqlwiki.com/Bracelet_of_Woven_Grass,1,12,,,MAGIC ITEM
Magician,Arms,Burning Affliction I,Hollowed Bone Bracers,https://eqlwiki.com/Hollowed_Bone_Bracers,6,,15,Classic Era,MAGIC ITEM
Magician,Arms,Enhancement Haste I,Gatorscale Sleeves,https://eqlwiki.com/Gatorscale_Sleeves,6,15,,Classic Era,MAGIC ITEM
Magician,Arms,Extended Range I,Drake-hide Sleeves,https://eqlwiki.com/Drake-hide_Sleeves,4,10,,Classic Era,MAGIC ITEM
Magician,Arms,Improved Damage I,Azure Sleeves,https://eqlwiki.com/Azure_Sleeves,12,,,Classic Era,MAGIC ITEM
Magician,Arms,Mana Preservation I,Platinum Armband,https://eqlwiki.com/Platinum_Armband,,,,Classic Era,MAGIC ITEM
Magician,Arms,Summoning Efficiency II,Embroidered Black Sleeves,https://eqlwiki.com/Embroidered_Black_Sleeves,4,10,25,,MAGIC ITEM
Magician,Back,Improved Damage I,Mammoth Hide Cloak,https://eqlwiki.com/Mammoth_Hide_Cloak,7,,,,
Magician,Back,Improved Damage III,White Dragonscale Cloak,https://eqlwiki.com/White_Dragonscale_Cloak,10,,75,Classic Era,MAGIC ITEM
Magician,Chest,Affliction Haste II,Green Silken Drape,https://eqlwiki.com/Green_Silken_Drape,8,,,,MAGIC ITEM
Magician,Chest,Extended Enhancement I,Damask Robe,https://eqlwiki.com/Damask_Robe,6,,,,MAGIC ITEM
Magician,Chest,Extended Enhancement I,Lockjaw Hide Vest,https://eqlwiki.com/Lockjaw_Hide_Vest,12,,,Classic Era,MAGIC ITEM
Magician,Chest,Improved Damage I,Robe of the Oracle,https://eqlwiki.com/Robe_of_the_Oracle,9,,25,Classic Era,MAGIC ITEM|LORE ITEM
Magician,Chest,Minor Improved Damage I,Smoldering Robe,https://eqlwiki.com/Smoldering_Robe,4,,5,Classic Era,NO TRADE|EQUIPPED|LORE
Magician,Chest,Reagent Conservation III,Robe of the Kedge,https://eqlwiki.com/Robe_of_the_Kedge,8,,100,,MAGIC ITEM|NO DROP
Magician,Chest,Reanimation Efficiency I,Flowing Black Robe,https://eqlwiki.com/Flowing_Black_Robe,8,,,,MAGIC ITEM|LORE ITEM
Magician,Chest,Reanimation Efficiency I,Ill-Fitting Robes,https://eqlwiki.com/Ill-Fitting_Robes,,,,,
Magician,Chest,Reanimation Efficiency III,Robe of the Ishva,https://eqlwiki.com/Robe_of_the_Ishva,8,,50,,MAGIC ITEM|LORE ITEM
Magician,Chest,Spell Haste II,Mithril-Runed Tunic,https://eqlwiki.com/Mithril-Runed_Tunic,10,,,,MAGIC ITEM
Magician,Chest,Spell Haste II,Shining Metallic Robes,https://eqlwiki.com/Shining_Metallic_Robes,10,,,,MAGIC ITEM
Magician,Chest,Spell Haste II,Shiny Robe of the Underfoot,https://eqlwiki.com/Shiny_Robe_of_the_Underfoot,12,,30,Classic Era,MAGIC ITEM|LORE ITEM
Magician,Chest,Summoning Efficiency I,Gossamer Robe,https://eqlwiki.com/Gossamer_Robe,8,,,,MAGIC ITEM
Magician,Chest,Summoning Haste II,Robe of the Elements,https://eqlwiki.com/Robe_of_the_Elements,9,,,Temple Era,MAGIC ITEM|LORE ITEM
Magician,Ear,Affliction Efficiency I,Diamondine Earring,https://eqlwiki.com/Diamondine_Earring,2,12,,Classic Era,MAGIC ITEM
Magician,Ear,Burning Affliction I,Golden Ear Stud,https://eqlwiki.com/Golden_Ear_Stud,,,,,
Magician,Ear,Jolum's Abatement,Summoned: Jolum's Shiny Bauble,https://eqlwiki.com/Summoned:_Jolum's_Shiny_Bauble,4,10,10,Classic Era,MAGIC ITEM|TEMPORARY|EQUIPPED|LORE
Magician,Ear,Jolum's Major Abatement,Summoned: Jolum's Brilliant Bauble,https://eqlwiki.com/Summoned:_Jolum's_Brilliant_Bauble,6,20,20,Classic Era,MAGIC ITEM|TEMPORARY|EQUIPPED|LORE
Magician,Ear,Jolum's Minor Abatement,Summoned: Jolum's Tarnished Bauble,https://eqlwiki.com/Summoned:_Jolum's_Tarnished_Bauble,2,5,5,Classic Era,MAGIC ITEM|TEMPORARY|EQUIPPED|LORE
Magician,Ear,Jolum's Superior Abatement,Summoned: Jolum's Glowing Bauble,https://eqlwiki.com/Summoned:_Jolum's_Glowing_Bauble,6,20,20,Velious Era,MAGIC ITEM|TEMPORARY|EQUIPPED|LORE
Magician,Ear,Mana Preservation I,Polished Bone Hoop,https://eqlwiki.com/Polished_Bone_Hoop,,,10,,
Magician,Ear,Reagent Conservation I,Batskull Earring,https://eqlwiki.com/Batskull_Earring,,,,Classic Era,MAGIC ITEM
Magician,Face,Burning Affliction I,Burrowing Goggles,https://eqlwiki.com/Burrowing_Goggles,5,10,,,
Magician,Face,Improved Damage II,Polished Mithril Mask,https://eqlwiki.com/Polished_Mithril_Mask,5,,,,MAGIC ITEM|LORE ITEM|NO DROP
Magician,Face,Reanimation Efficiency I,Lizardskin Tribal Mask,https://eqlwiki.com/Lizardskin_Tribal_Mask,3,,,,MAGIC ITEM
Magician,Face,Reanimation Haste I,Carved Ivory Mask,https://eqlwiki.com/Carved_Ivory_Mask,2,10,,,MAGIC ITEM
Magician,Feet,Burning Affliction II,Kobold-Hide Boots,https://eqlwiki.com/Kobold-Hide_Boots,5,10,,Classic Era,MAGIC ITEM
Magician,Feet,Enhancement Haste II,Golden Efreeti Boots,https://eqlwiki.com/Golden_Efreeti_Boots,5,,,Classic Era,MAGIC ITEM
Magician,Feet,Extended Enhancement I,Bear-hide Boots,https://eqlwiki.com/Bear-hide_Boots,5,,,,
Magician,Feet,Spell Haste I,Wolf Fur Slippers,https://eqlwiki.com/Wolf_Fur_Slippers,2,,20,Classic Era,MAGIC ITEM
Magician,Fingers,Affliction Haste I,Ring of Goblin Lords,https://eqlwiki.com/Ring_of_Goblin_Lords,4,,,,LORE ITEM
Magician,Fingers,Extended Enhancement II,Clawed Knuckle-Ring,https://eqlwiki.com/Clawed_Knuckle-Ring,,20,,,MAGIC ITEM
Magician,Fingers,Extended Range II,Moonstone Ring,https://eqlwiki.com/Moonstone_Ring,,,30,,MAGIC ITEM
Magician,Fingers,Naki's Charm of Pernicity,Summoned: Naki's Twisted Ring,https://eqlwiki.com/Summoned:_Naki's_Twisted_Ring,4,10,10,Classic Era,MAGIC ITEM|TEMPORARY|EQUIPPED|LORE
Magician,Fingers,Naki's Greater Pernicity,Summoned: Naki's Studded Ring,https://eqlwiki.com/Summoned:_Naki's_Studded_Ring,6,20,20,Kunark Era,MAGIC ITEM|TEMPORARY|EQUIPPED|LORE
Magician,Fingers,Naki's Lesser Pernicity,Summoned: Naki's Tiny Ring,https://eqlwiki.com/Summoned:_Naki's_Tiny_Ring,2,5,5,Classic Era,MAGIC ITEM|TEMPORARY|EQUIPPED|LORE
Magician,Fingers,Naki's Superior Pernicity,Summoned: Naki's Spiked Ring,https://eqlwiki.com/Summoned:_Naki's_Spiked_Ring,6,20,20,Velious Era,MAGIC ITEM|TEMPORARY|EQUIPPED|LORE
Magician,Fingers,Reanimation Efficiency II,Platinum Skull Ring,https://eqlwiki.com/Platinum_Skull_Ring,,30,20,,MAGIC ITEM
Magician,Fingers,Spell Haste II,Djarns Amethyst Ring,https://eqlwiki.com/Djarns_Amethyst_Ring,,80,,,MAGIC ITEM|LORE ITEM
Magician,Fingers,Summoning Efficiency I,Band of Flesh,https://eqlwiki.com/Band_of_Flesh,,,,,MAGIC ITEM
Magician,Fingers,Summoning Haste I,Adamantite Band,https://eqlwiki.com/Adamantite_Band,,75,,Classic Era,MAGIC ITEM
Magician,Hands,Affliction Efficiency I,Impskin Gloves,https://eqlwiki.com/Impskin_Gloves,2,,10,,MAGIC ITEM
Magician,Hands,Improved Damage I,Lupine Claw Gauntlets,https://eqlwiki.com/Lupine_Claw_Gauntlets,4,,,,MAGIC ITEM
Magician,Hands,Summoning Efficiency I,Dusty Bloodstained Gloves,https://eqlwiki.com/Dusty_Bloodstained_Gloves,2,,25,,MAGIC ITEM
Magician,Head,Burning Affliction II,Siryn Hair Hood,https://eqlwiki.com/Siryn_Hair_Hood,5,,,,MAGIC ITEM
Magician,Head,Burning Affliction III,Cryosilk Cap,https://eqlwiki.com/Cryosilk_Cap,5,10,10,Classic Era,MAGIC ITEM|NO DROP
Magician,Head,Enhancement Haste I,Cat Skull Cap,https://eqlwiki.com/Cat_Skull_Cap,4,,,Classic Era,MAGIC ITEM|LORE ITEM|NO DROP
Magician,Head,Enhancement Haste II,Platinum Tiara,https://eqlwiki.com/Platinum_Tiara,3,35,50,,MAGIC ITEM|LORE ITEM
Magician,Head,Extended Enhancement I,Shazda Turban,https://eqlwiki.com/Shazda_Turban,,,,,MAGIC ITEM|LORE ITEM
Magician,Head,Extended Enhancement II,Batfang Headband,https://eqlwiki.com/Batfang_Headband,2,,,Classic Era,MAGIC ITEM
Magician,Head,Improved Healing I,Turtleshell Helm,https://eqlwiki.com/Turtleshell_Helm,5,,,,MAGIC ITEM
Magician,Head,Mana Preservation II,Mane Attraction,https://eqlwiki.com/Mane_Attraction,4,,,,LORE ITEM|NO DROP
Magician,Head,Reagent Conservation II,Crown of Leaves,https://eqlwiki.com/Crown_of_Leaves,1,,,,
Magician,Head,Reagent Conservation II,Fine Silk Turban,https://eqlwiki.com/Fine_Silk_Turban,10,,,,MAGIC ITEM
Magician,Head,Reagent Conservation II,Savant's Cap,https://eqlwiki.com/Savant's_Cap,2,,,,MAGIC ITEM
Magician,Head,Reanimation Efficiency II,Runed Cowl,https://eqlwiki.com/Runed_Cowl,2,,,Classic Era,MAGIC ITEM
Magician,Head,Reanimation Haste I,Nightshade Wreath,https://eqlwiki.com/Nightshade_Wreath,1,,,,MAGIC ITEM
Magician,Legs,Reagent Conservation I,Drake-hide Leggings,https://eqlwiki.com/Drake-hide_Leggings,5,,,,MAGIC ITEM
Magician,Legs,Reanimation Haste II,Ishva Mas Leggings,https://eqlwiki.com/Ishva_Mas_Leggings,5,,,Classic Era,ATTUNABLE|EQUIPPED|LORE
Magician,Neck,Affliction Efficiency II,White Gold Necklace,https://eqlwiki.com/White_Gold_Necklace,,,,,MAGIC ITEM
Magician,Neck,Affliction Haste II,Chrysoberyl Talisman,https://eqlwiki.com/Chrysoberyl_Talisman,5,,20,,MAGIC ITEM|LORE ITEM
Magician,Neck,Burning Affliction I,Allize Volew Medicine Bag,https://eqlwiki.com/Allize_Volew_Medicine_Bag,,,,,MAGIC ITEM|LORE ITEM
Magician,Neck,Burning Affliction I,Aviak Charm,https://eqlwiki.com/Aviak_Charm,,,,,MAGIC ITEM|LORE ITEM|NO DROP
Magician,Neck,Enhancement Haste I,Cape of Midnight Mist,https://eqlwiki.com/Cape_of_Midnight_Mist,2,,,Classic Era,MAGIC ITEM
Magician,Neck,Extended Range I,An Elven Charm Necklace,https://eqlwiki.com/An_Elven_Charm_Necklace,,,,Classic Era,LORE ITEM
Magician,Neck,Extended Range I,Elven Charm Necklace,https://eqlwiki.com/Elven_Charm_Necklace,,,,Classic Era,
Magician,Neck,Extended Range I,Glowing Bone Collar,https://eqlwiki.com/Glowing_Bone_Collar,5,25,25,Classic Era,MAGIC ITEM|LORE ITEM
Magician,Neck,Jedah's Conservation,Summoned: Jedah's Silver Choker,https://eqlwiki.com/Summoned:_Jedah's_Silver_Choker,5,10,10,,MAGIC ITEM|TEMPORARY|EQUIPPED|LORE
Magician,Neck,Jedah's Greater Conservation,Summoned: Jedah's Golden Choker,https://eqlwiki.com/Summoned:_Jedah's_Golden_Choker,8,20,20,,MAGIC ITEM|TEMPORARY|EQUIPPED|LORE
Magician,Neck,Jedah's Lesser Conservation,Summoned: Jedah's Brass Choker,https://eqlwiki.com/Summoned:_Jedah's_Brass_Choker,2,5,5,,MAGIC ITEM|TEMPORARY|EQUIPPED|LORE
Magician,Neck,Jedah's Superior Conservation,Summoned: Jedah's Platinum Choker,https://eqlwiki.com/Summoned:_Jedah's_Platinum_Choker,8,20,20,Velious Era,MAGIC ITEM|TEMPORARY|EQUIPPED|LORE
Magician,Neck,Mana Preservation II,Black Alloy Medallion,https://eqlwiki.com/Black_Alloy_Medallion,6,,,Classic Era,MAGIC ITEM
Magician,Neck,Spell Haste I,Beaded Slime Necklace,https://eqlwiki.com/Beaded_Slime_Necklace,,,,,
Magician,Primary,Brass Resonance 14,McVaxius` Horn of War,https://eqlwiki.com/McVaxius`_Horn_of_War,,,,,MAGIC ITEM|LORE ITEM
Magician,Primary,Burning Affliction II,Black Tome with Silver Runes,https://eqlwiki.com/Black_Tome_with_Silver_Runes,,,30,Classic Era,MAGIC ITEM
Magician,Primary,Improved Healing III,Idol of the Underking,https://eqlwiki.com/Idol_of_the_Underking,,20,20,Classic Era,MAGIC ITEM|LORE ITEM
Magician,Primary,Minion of Air,Broom of Trilon,https://eqlwiki.com/Broom_of_Trilon,,,,Temple Era,MAGIC ITEM|LORE ITEM|NO DROP
Magician,Primary,Minion of Earth,Shovel of Ponz,https://eqlwiki.com/Shovel_of_Ponz,,,,Temple Era,MAGIC ITEM|LORE ITEM|NO DROP
Magician,Primary,Minion of Fire,Torch of Alna,https://eqlwiki.com/Torch_of_Alna,,,,Temple Era,MAGIC ITEM|LORE ITEM|NO DROP
Magician,Primary,Minion of Water,Stein of Ulissa,https://eqlwiki.com/Stein_of_Ulissa,,,,Temple Era,MAGIC ITEM|LORE ITEM|NO DROP
Magician,Primary,Percussion Resonance 11,Mistmoore Battle Drums,https://eqlwiki.com/Mistmoore_Battle_Drums,,,,,ATTUNEABLE|PLACEABLE
Magician,Primary,Percussion Resonance 14,Selo`s Drums of the March,https://eqlwiki.com/Selo`s_Drums_of_the_March,,,,,MAGIC ITEM
Magician,Primary,Reagent Conservation I,The Artist's Brush,https://eqlwiki.com/The_Artist's_Brush,,,10,,
Magician,Primary,Servant of Air,Staff of Elemental Mastery: Air,https://eqlwiki.com/Staff_of_Elemental_Mastery:_Air,,,,Sky Era,MAGIC ITEM|LORE ITEM|NO DROP
Magician,Primary,Servant of Earth,Staff of Elemental Mastery: Earth,https://eqlwiki.com/Staff_of_Elemental_Mastery:_Earth,,,,,MAGIC ITEM|LORE ITEM|NO DROP
Magician,Primary,Servant of Fire,Staff of Elemental Mastery: Fire,https://eqlwiki.com/Staff_of_Elemental_Mastery:_Fire,,,,,MAGIC ITEM|LORE ITEM|NO DROP
Magician,Primary,Servant of Water,Staff of Elemental Mastery: Water,https://eqlwiki.com/Staff_of_Elemental_Mastery:_Water,,,,,
Magician,Primary,String Resonance 11,Gypsy Lute,https://eqlwiki.com/Gypsy_Lute,,,,,
Magician,Primary,String Resonance 11,Lute of the Gypsy Princess,https://eqlwiki.com/Lute_of_the_Gypsy_Princess,,,,,ATTUNABLE|PLACEABLE
Magician,Primary,Wind Resonance 10,Minotaur Horn,https://eqlwiki.com/Minotaur_Horn,,,,Classic Era,
Magician,Range,Improved Healing III,Idol of the Underking,https://eqlwiki.com/Idol_of_the_Underking,,20,20,Classic Era,MAGIC ITEM|LORE ITEM
Magician,Range,Reagent Conservation I,The Artist's Brush,https://eqlwiki.com/The_Artist's_Brush,,,10,,
Magician,Secondary,Brass Resonance 14,McVaxius` Horn of War,https://eqlwiki.com/McVaxius`_Horn_of_War,,,,,MAGIC ITEM|LORE ITEM
Magician,Secondary,Brass Resonance 8,Alluring Horn,https://eqlwiki.com/Alluring_Horn,,,,EpicQuests Era,MAGIC ITEM|LORE ITEM|NO DROP
Magician,Secondary,Extended Enhancement III,Rokyls Channelling Crystal,https://eqlwiki.com/Rokyls_Channelling_Crystal,10,50,50,,MAGIC ITEM|LORE ITEM
Magician,Secondary,Improved Healing III,Idol of the Underking,https://eqlwiki.com/Idol_of_the_Underking,,20,20,Classic Era,MAGIC ITEM|LORE ITEM
Magician,Secondary,Mana Preservation I,Testament of Vanear,https://eqlwiki.com/Testament_of_Vanear,,,10,,MAGIC ITEM|LORE ITEM|NO DROP
Magician,Secondary,Percussion Resonance 11,Mistmoore Battle Drums,https://eqlwiki.com/Mistmoore_Battle_Drums,,,,,ATTUNEABLE|PLACEABLE
Magician,Secondary,Percussion Resonance 14,Selo`s Drums of the March,https://eqlwiki.com/Selo`s_Drums_of_the_March,,,,,MAGIC ITEM
Magician,Secondary,Reagent Conservation I,The Artist's Brush,https://eqlwiki.com/The_Artist's_Brush,,,10,,
Magician,Secondary,String Resonance 10,Mandolin,https://eqlwiki.com/Mandolin,,,,Classic Era,
Magician,Secondary,String Resonance 11,Gypsy Lute,https://eqlwiki.com/Gypsy_Lute,,,,,
Magician,Secondary,String Resonance 11,Lute of the Gypsy Princess,https://eqlwiki.com/Lute_of_the_Gypsy_Princess,,,,,ATTUNABLE|PLACEABLE
Magician,Secondary,Summoning Haste I,A Shimmering Orb,https://eqlwiki.com/A_Shimmering_Orb,15,20,,Classic Era,MAGIC ITEM|LORE ITEM
Magician,Secondary,Wind Resonance 10,Minotaur Horn,https://eqlwiki.com/Minotaur_Horn,,,,Classic Era,
Magician,Shoulders,Affliction Efficiency II,Squallsurge Shawl,https://eqlwiki.com/Squallsurge_Shawl,5,,50,,MAGIC ITEM
Magician,Shoulders,Spell Haste I,Gilded Cloth,https://eqlwiki.com/Gilded_Cloth,3,,,,MAGIC ITEM
Magician,Shoulders,Tavee's Charm of Diuturnity,Summoned: Tavee's Leather Mantle,https://eqlwiki.com/Summoned:_Tavee's_Leather_Mantle,6,10,10,Classic Era,MAGIC ITEM|TEMPORARY|EQUIPPED|LORE
Magician,Shoulders,Tavee's Greater Diuturnity,Summoned: Tavee's Silken Mantle,https://eqlwiki.com/Summoned:_Tavee's_Silken_Mantle,9,20,20,Kunark Era,MAGIC ITEM|TEMPORARY|EQUIPPED|LORE
Magician,Shoulders,Tavee's Lesser Diuturnity,Summoned: Tavee's Linen Mantle,https://eqlwiki.com/Summoned:_Tavee's_Linen_Mantle,3,5,5,Classic Era,MAGIC ITEM|TEMPORARY|EQUIPPED|LORE
Magician,Shoulders,Tavee's Superior Diuturnity,Summoned: Tavee's Runed Mantle,https://eqlwiki.com/Summoned:_Tavee's_Runed_Mantle,9,20,20,Velious Era,MAGIC ITEM|TEMPORARY|EQUIPPED|LORE
Magician,Waist,Burning Affliction II,Reed Belt,https://eqlwiki.com/Reed_Belt,6,10,,Classic Era,MAGIC ITEM
Magician,Waist,Burning Affliction III,Bone-Clasped Girdle,https://eqlwiki.com/Bone-Clasped_Girdle,4,75,75,Classic Era,MAGIC ITEM
Magician,Waist,Extended Enhancement II,Drakescale Belt,https://eqlwiki.com/Drakescale_Belt,5,,,Classic Era,
Magician,Waist,Extended Range III,Cryosilk Sash,https://eqlwiki.com/Cryosilk_Sash,4,,10,Fear Era,MAGIC ITEM|NO DROP
Magician,Waist,Reanimation Haste III,Grotesque Girdle,https://eqlwiki.com/Grotesque_Girdle,8,100,100,FearHateRevamp Era,MAGIC ITEM|LORE ITEM|NO DROP
Magician,Waist,Summoning Haste III,Brell's Girdle,https://eqlwiki.com/Brell's_Girdle,10,,50,Classic Era,MAGIC ITEM|LORE ITEM
Magician,Wrist,Affliction Efficiency I,Polished Bone Bracelet,https://eqlwiki.com/Polished_Bone_Bracelet,2,,,Classic Era,MAGIC ITEM
Magician,Wrist,Affliction Efficiency II,Chipped Bone Bracelet,https://eqlwiki.com/Chipped_Bone_Bracelet,4,,,Classic Era,MAGIC ITEM
Magician,Wrist,Affliction Haste I,Granite Bracer,https://eqlwiki.com/Granite_Bracer,5,,,,MAGIC ITEM
Magician,Wrist,Burning Affliction I,Summoned: Rallican's Wooden Bracelet,https://eqlwiki.com/Summoned:_Rallican's_Wooden_Bracelet,4,5,5,Classic Era,MAGIC ITEM|TEMPORARY|EQUIPPED|LORE
Magician,Wrist,Burning Affliction II,Serpentine Bracer,https://eqlwiki.com/Serpentine_Bracer,1,,,Classic Era,MAGIC ITEM
Magician,Wrist,Burning Affliction II,Summoned: Rallican's Stone Bracelet,https://eqlwiki.com/Summoned:_Rallican's_Stone_Bracelet,6,10,10,Classic Era,MAGIC ITEM|TEMPORARY|EQUIPPED|LORE
Magician,Wrist,Burning Affliction III,Summoned: Rallican's Iron Bracelet,https://eqlwiki.com/Summoned:_Rallican's_Iron_Bracelet,8,20,20,Kunark Era,MAGIC ITEM|TEMPORARY|EQUIPPED|LORE
Magician,Wrist,Burning Affliction IV,Summoned: Rallican's Steel Bracelet,https://eqlwiki.com/Summoned:_Rallican's_Steel_Bracelet,8,20,20,Velious Era,MAGIC ITEM|TEMPORARY|EQUIPPED|LORE
Magician,Wrist,Gallenite's Chaos,Summoned: Gallenite's Sapphire Bracelet,https://eqlwiki.com/Summoned:_Gallenite's_Sapphire_Bracelet,8,20,20,Velious Era,MAGIC ITEM|TEMPORARY|EQUIPPED|LORE
Magician,Wrist,Gallenite's Destruction,Summoned: Gallenite's Opal Bracelet,https://eqlwiki.com/Summoned:_Gallenite's_Opal_Bracelet,6,10,10,Classic Era,MAGIC ITEM|TEMPORARY|EQUIPPED|LORE
Magician,Wrist,Gallenite's Major Destruction,Summoned: Gallenite's Ruby Bracelet,https://eqlwiki.com/Summoned:_Gallenite's_Ruby_Bracelet,8,20,20,Kunark Era,MAGIC ITEM|TEMPORARY|EQUIPPED|LORE
Magician,Wrist,Gallenite's Minor Destruction,Summoned: Gallenite's Jade Bracelet,https://eqlwiki.com/Summoned:_Gallenite's_Jade_Bracelet,4,5,5,Classic Era,MAGIC ITEM|TEMPORARY|EQUIPPED|LORE
Magician,Wrist,Reagent Conservation I,Happy Love Bracers,https://eqlwiki.com/Happy_Love_Bracers,1,,,,LORE ITEM|NO DROP
Magician,Wrist,Reagent Conservation II,Amethyst Bracelet,https://eqlwiki.com/Amethyst_Bracelet,5,15,,,MAGIC ITEM
Magician,Wrist,Reagent Conservation III,Runed Mithril Bracer,https://eqlwiki.com/Runed_Mithril_Bracer,4,,,Classic Era,MAGIC ITEM
Magician,Wrist,Reanimation Haste I,Ivory Bracelet,https://eqlwiki.com/Ivory_Bracelet,,,20,Classic Era,MAGIC ITEM
Magician,Wrist,Spell Haste I,Bracelet of Woven Grass,https://eqlwiki.com/Bracelet_of_Woven_Grass,1,12,,,MAGIC ITEM
Monk,Arms,Enhancement Haste I,Gatorscale Sleeves,https://eqlwiki.com/Gatorscale_Sleeves,6,15,,Classic Era,MAGIC ITEM
Monk,Arms,Extended Range I,Drake-hide Sleeves,https://eqlwiki.com/Drake-hide_Sleeves,4,10,,Classic Era,MAGIC ITEM
Monk,Arms,Improved Damage I,Azure Sleeves,https://eqlwiki.com/Azure_Sleeves,12,,,Classic Era,MAGIC ITEM
Monk,Arms,Mana Preservation I,Platinum Armband,https://eqlwiki.com/Platinum_Armband,,,,Classic Era,MAGIC ITEM
Monk,Back,Improved Damage I,Mammoth Hide Cloak,https://eqlwiki.com/Mammoth_Hide_Cloak,7,,,,
Monk,Back,Improved Damage III,White Dragonscale Cloak,https://eqlwiki.com/White_Dragonscale_Cloak,10,,75,Classic Era,MAGIC ITEM
Monk,Chest,Extended Enhancement I,Lockjaw Hide Vest,https://eqlwiki.com/Lockjaw_Hide_Vest,12,,,Classic Era,MAGIC ITEM
Monk,Chest,Improved Damage I,Robe of the Oracle,https://eqlwiki.com/Robe_of_the_Oracle,9,,25,Classic Era,MAGIC ITEM|LORE ITEM
Monk,Chest,Mana Preservation I,Vagrant's Tunic,https://eqlwiki.com/Vagrant's_Tunic,8,5,,Classic Era,ATTUNABLE
Monk,Chest,Spell Haste II,Mithril-Runed Tunic,https://eqlwiki.com/Mithril-Runed_Tunic,10,,,,MAGIC ITEM
Monk,Ear,Affliction Efficiency I,Diamondine Earring,https://eqlwiki.com/Diamondine_Earring,2,12,,Classic Era,MAGIC ITEM
Monk,Ear,Burning Affliction I,Golden Ear Stud,https://eqlwiki.com/Golden_Ear_Stud,,,,,
Monk,Ear,Mana Preservation I,Polished Bone Hoop,https://eqlwiki.com/Polished_Bone_Hoop,,,10,,
Monk,Ear,Reagent Conservation I,Batskull Earring,https://eqlwiki.com/Batskull_Earring,,,,Classic Era,MAGIC ITEM
Monk,Face,Improved Damage II,Polished Mithril Mask,https://eqlwiki.com/Polished_Mithril_Mask,5,,,,MAGIC ITEM|LORE ITEM|NO DROP
Monk,Face,Reanimation Efficiency I,Lizardskin Tribal Mask,https://eqlwiki.com/Lizardskin_Tribal_Mask,3,,,,MAGIC ITEM
Monk,Face,Reanimation Haste I,Carved Ivory Mask,https://eqlwiki.com/Carved_Ivory_Mask,2,10,,,MAGIC ITEM
Monk,Face,Summoning Haste II,Incandescent Mask,https://eqlwiki.com/Incandescent_Mask,3,,,Temple Era,MAGIC ITEM|LORE ITEM
Monk,Feet,Burning Affliction II,Kobold-Hide Boots,https://eqlwiki.com/Kobold-Hide_Boots,5,10,,Classic Era,MAGIC ITEM
Monk,Feet,Enhancement Haste II,Golden Efreeti Boots,https://eqlwiki.com/Golden_Efreeti_Boots,5,,,Classic Era,MAGIC ITEM
Monk,Feet,Extended Enhancement I,Bear-hide Boots,https://eqlwiki.com/Bear-hide_Boots,5,,,,
Monk,Feet,Spell Haste I,Wolf Fur Slippers,https://eqlwiki.com/Wolf_Fur_Slippers,2,,20,Classic Era,MAGIC ITEM
Monk,Fingers,Affliction Haste I,Ring of Goblin Lords,https://eqlwiki.com/Ring_of_Goblin_Lords,4,,,,LORE ITEM
Monk,Fingers,Extended Enhancement II,Clawed Knuckle-Ring,https://eqlwiki.com/Clawed_Knuckle-Ring,,20,,,MAGIC ITEM
Monk,Fingers,Extended Range II,Moonstone Ring,https://eqlwiki.com/Moonstone_Ring,,,30,,MAGIC ITEM
Monk,Fingers,Reanimation Efficiency II,Platinum Skull Ring,https://eqlwiki.com/Platinum_Skull_Ring,,30,20,,MAGIC ITEM
Monk,Fingers,Spell Haste II,Djarns Amethyst Ring,https://eqlwiki.com/Djarns_Amethyst_Ring,,80,,,MAGIC ITEM|LORE ITEM
Monk,Fingers,Summoning Efficiency I,Band of Flesh,https://eqlwiki.com/Band_of_Flesh,,,,,MAGIC ITEM
Monk,Fingers,Summoning Haste I,Adamantite Band,https://eqlwiki.com/Adamantite_Band,,75,,Classic Era,MAGIC ITEM
Monk,Hands,Affliction Efficiency I,Impskin Gloves,https://eqlwiki.com/Impskin_Gloves,2,,10,,MAGIC ITEM
Monk,Hands,Improved Damage I,Lupine Claw Gauntlets,https://eqlwiki.com/Lupine_Claw_Gauntlets,4,,,,MAGIC ITEM
Monk,Head,Burning Affliction II,Siryn Hair Hood,https://eqlwiki.com/Siryn_Hair_Hood,5,,,,MAGIC ITEM
Monk,Head,Enhancement Haste I,Cat Skull Cap,https://eqlwiki.com/Cat_Skull_Cap,4,,,Classic Era,MAGIC ITEM|LORE ITEM|NO DROP
Monk,Head,Extended Enhancement I,Shazda Turban,https://eqlwiki.com/Shazda_Turban,,,,,MAGIC ITEM|LORE ITEM
Monk,Head,Extended Enhancement II,Batfang Headband,https://eqlwiki.com/Batfang_Headband,2,,,Classic Era,MAGIC ITEM
Monk,Head,Improved Healing I,Turtleshell Helm,https://eqlwiki.com/Turtleshell_Helm,5,,,,MAGIC ITEM
Monk,Head,Mana Preservation II,Mane Attraction,https://eqlwiki.com/Mane_Attraction,4,,,,LORE ITEM|NO DROP
Monk,Head,Reagent Conservation II,Crown of Leaves,https://eqlwiki.com/Crown_of_Leaves,1,,,,
Monk,Head,Reagent Conservation II,Fine Silk Turban,https://eqlwiki.com/Fine_Silk_Turban,10,,,,MAGIC ITEM
Monk,Head,Reagent Conservation II,Savant's Cap,https://eqlwiki.com/Savant's_Cap,2,,,,MAGIC ITEM
Monk,Legs,Reagent Conservation I,Drake-hide Leggings,https://eqlwiki.com/Drake-hide_Leggings,5,,,,MAGIC ITEM
Monk,Neck,Affliction Efficiency II,White Gold Necklace,https://eqlwiki.com/White_Gold_Necklace,,,,,MAGIC ITEM
Monk,Neck,Affliction Haste II,Chrysoberyl Talisman,https://eqlwiki.com/Chrysoberyl_Talisman,5,,20,,MAGIC ITEM|LORE ITEM
Monk,Neck,Burning Affliction I,Allize Volew Medicine Bag,https://eqlwiki.com/Allize_Volew_Medicine_Bag,,,,,MAGIC ITEM|LORE ITEM
Monk,Neck,Burning Affliction I,Aviak Charm,https://eqlwiki.com/Aviak_Charm,,,,,MAGIC ITEM|LORE ITEM|NO DROP
Monk,Neck,Extended Range I,An Elven Charm Necklace,https://eqlwiki.com/An_Elven_Charm_Necklace,,,,Classic Era,LORE ITEM
Monk,Neck,Extended Range I,Elven Charm Necklace,https://eqlwiki.com/Elven_Charm_Necklace,,,,Classic Era,
Monk,Neck,Extended Range I,Glowing Bone Collar,https://eqlwiki.com/Glowing_Bone_Collar,5,25,25,Classic Era,MAGIC ITEM|LORE ITEM
Monk,Neck,Mana Preservation II,Black Alloy Medallion,https://eqlwiki.com/Black_Alloy_Medallion,6,,,Classic Era,MAGIC ITEM
Monk,Neck,Spell Haste I,Beaded Slime Necklace,https://eqlwiki.com/Beaded_Slime_Necklace,,,,,
Monk,Primary,Brass Resonance 14,McVaxius` Horn of War,https://eqlwiki.com/McVaxius`_Horn_of_War,,,,,MAGIC ITEM|LORE ITEM
Monk,Primary,Improved Healing III,Idol of the Underking,https://eqlwiki.com/Idol_of_the_Underking,,20,20,Classic Era,MAGIC ITEM|LORE ITEM
Monk,Primary,Percussion Resonance 11,Mistmoore Battle Drums,https://eqlwiki.com/Mistmoore_Battle_Drums,,,,,ATTUNEABLE|PLACEABLE
Monk,Primary,Percussion Resonance 14,Selo`s Drums of the March,https://eqlwiki.com/Selo`s_Drums_of_the_March,,,,,MAGIC ITEM
Monk,Primary,String Resonance 11,Gypsy Lute,https://eqlwiki.com/Gypsy_Lute,,,,,
Monk,Primary,String Resonance 11,Lute of the Gypsy Princess,https://eqlwiki.com/Lute_of_the_Gypsy_Princess,,,,,ATTUNABLE|PLACEABLE
Monk,Primary,Wind Resonance 10,Minotaur Horn,https://eqlwiki.com/Minotaur_Horn,,,,Classic Era,
Monk,Range,Improved Healing III,Idol of the Underking,https://eqlwiki.com/Idol_of_the_Underking,,20,20,Classic Era,MAGIC ITEM|LORE ITEM
Monk,Secondary,Brass Resonance 14,McVaxius` Horn of War,https://eqlwiki.com/McVaxius`_Horn_of_War,,,,,MAGIC ITEM|LORE ITEM
Monk,Secondary,Brass Resonance 8,Alluring Horn,https://eqlwiki.com/Alluring_Horn,,,,EpicQuests Era,MAGIC ITEM|LORE ITEM|NO DROP
Monk,Secondary,Improved Healing III,Idol of the Underking,https://eqlwiki.com/Idol_of_the_Underking,,20,20,Classic Era,MAGIC ITEM|LORE ITEM
Monk,Secondary,Mana Preservation I,Testament of Vanear,https://eqlwiki.com/Testament_of_Vanear,,,10,,MAGIC ITEM|LORE ITEM|NO DROP
Monk,Secondary,Percussion Resonance 11,Mistmoore Battle Drums,https://eqlwiki.com/Mistmoore_Battle_Drums,,,,,ATTUNEABLE|PLACEABLE
Monk,Secondary,Percussion Resonance 14,Selo`s Drums of the March,https://eqlwiki.com/Selo`s_Drums_of_the_March,,,,,MAGIC ITEM
Monk,Secondary,String Resonance 10,Mandolin,https://eqlwiki.com/Mandolin,,,,Classic Era,
Monk,Secondary,String Resonance 11,Gypsy Lute,https://eqlwiki.com/Gypsy_Lute,,,,,
Monk,Secondary,String Resonance 11,Lute of the Gypsy Princess,https://eqlwiki.com/Lute_of_the_Gypsy_Princess,,,,,ATTUNABLE|PLACEABLE
Monk,Secondary,Wind Resonance 10,Minotaur Horn,https://eqlwiki.com/Minotaur_Horn,,,,Classic Era,
Monk,Waist,Burning Affliction II,Reed Belt,https://eqlwiki.com/Reed_Belt,6,10,,Classic Era,MAGIC ITEM
Monk,Waist,Extended Enhancement II,Drakescale Belt,https://eqlwiki.com/Drakescale_Belt,5,,,Classic Era,
Monk,Waist,Summoning Haste III,Brell's Girdle,https://eqlwiki.com/Brell's_Girdle,10,,50,Classic Era,MAGIC ITEM|LORE ITEM
Monk,Wrist,Affliction Efficiency I,Polished Bone Bracelet,https://eqlwiki.com/Polished_Bone_Bracelet,2,,,Classic Era,MAGIC ITEM
Monk,Wrist,Affliction Efficiency II,Chipped Bone Bracelet,https://eqlwiki.com/Chipped_Bone_Bracelet,4,,,Classic Era,MAGIC ITEM
Monk,Wrist,Affliction Haste I,Granite Bracer,https://eqlwiki.com/Granite_Bracer,5,,,,MAGIC ITEM
Monk,Wrist,Burning Affliction II,Serpentine Bracer,https://eqlwiki.com/Serpentine_Bracer,1,,,Classic Era,MAGIC ITEM
Monk,Wrist,Reagent Conservation I,Happy Love Bracers,https://eqlwiki.com/Happy_Love_Bracers,1,,,,LORE ITEM|NO DROP
Monk,Wrist,Reagent Conservation II,Amethyst Bracelet,https://eqlwiki.com/Amethyst_Bracelet,5,15,,,MAGIC ITEM
Monk,Wrist,Reagent Conservation III,Runed Mithril Bracer,https://eqlwiki.com/Runed_Mithril_Bracer,4,,,Classic Era,MAGIC ITEM
Monk,Wrist,Reanimation Haste I,Ivory Bracelet,https://eqlwiki.com/Ivory_Bracelet,,,20,Classic Era,MAGIC ITEM
Monk,Wrist,Spell Haste I,Bracelet of Woven Grass,https://eqlwiki.com/Bracelet_of_Woven_Grass,1,12,,,MAGIC ITEM
Necromancer,Arms,Burning Affliction I,Hollowed Bone Bracers,https://eqlwiki.com/Hollowed_Bone_Bracers,6,,15,Classic Era,MAGIC ITEM
Necromancer,Arms,Enhancement Haste I,Gatorscale Sleeves,https://eqlwiki.com/Gatorscale_Sleeves,6,15,,Classic Era,MAGIC ITEM
Necromancer,Arms,Extended Range I,Drake-hide Sleeves,https://eqlwiki.com/Drake-hide_Sleeves,4,10,,Classic Era,MAGIC ITEM
Necromancer,Arms,Improved Damage I,Azure Sleeves,https://eqlwiki.com/Azure_Sleeves,12,,,Classic Era,MAGIC ITEM
Necromancer,Arms,Mana Preservation I,Platinum Armband,https://eqlwiki.com/Platinum_Armband,,,,Classic Era,MAGIC ITEM
Necromancer,Arms,Summoning Efficiency II,Embroidered Black Sleeves,https://eqlwiki.com/Embroidered_Black_Sleeves,4,10,25,,MAGIC ITEM
Necromancer,Back,Improved Damage I,Mammoth Hide Cloak,https://eqlwiki.com/Mammoth_Hide_Cloak,7,,,,
Necromancer,Back,Improved Damage III,White Dragonscale Cloak,https://eqlwiki.com/White_Dragonscale_Cloak,10,,75,Classic Era,MAGIC ITEM
Necromancer,Chest,Affliction Haste II,Green Silken Drape,https://eqlwiki.com/Green_Silken_Drape,8,,,,MAGIC ITEM
Necromancer,Chest,Extended Enhancement I,Damask Robe,https://eqlwiki.com/Damask_Robe,6,,,,MAGIC ITEM
Necromancer,Chest,Extended Enhancement I,Lockjaw Hide Vest,https://eqlwiki.com/Lockjaw_Hide_Vest,12,,,Classic Era,MAGIC ITEM
Necromancer,Chest,Improved Damage I,Robe of the Oracle,https://eqlwiki.com/Robe_of_the_Oracle,9,,25,Classic Era,MAGIC ITEM|LORE ITEM
Necromancer,Chest,Minor Improved Damage I,Smoldering Robe,https://eqlwiki.com/Smoldering_Robe,4,,5,Classic Era,NO TRADE|EQUIPPED|LORE
Necromancer,Chest,Reagent Conservation III,Robe of the Kedge,https://eqlwiki.com/Robe_of_the_Kedge,8,,100,,MAGIC ITEM|NO DROP
Necromancer,Chest,Reanimation Efficiency I,Flowing Black Robe,https://eqlwiki.com/Flowing_Black_Robe,8,,,,MAGIC ITEM|LORE ITEM
Necromancer,Chest,Reanimation Efficiency I,Ill-Fitting Robes,https://eqlwiki.com/Ill-Fitting_Robes,,,,,
Necromancer,Chest,Reanimation Efficiency III,Robe of the Ishva,https://eqlwiki.com/Robe_of_the_Ishva,8,,50,,MAGIC ITEM|LORE ITEM
Necromancer,Chest,Reanimation Haste II,Robe of Enshroudment,https://eqlwiki.com/Robe_of_Enshroudment,9,,,Temple Era,MAGIC ITEM|LORE ITEM
Necromancer,Chest,Spell Haste II,Mithril-Runed Tunic,https://eqlwiki.com/Mithril-Runed_Tunic,10,,,,MAGIC ITEM
Necromancer,Chest,Spell Haste II,Shining Metallic Robes,https://eqlwiki.com/Shining_Metallic_Robes,10,,,,MAGIC ITEM
Necromancer,Chest,Spell Haste II,Shiny Robe of the Underfoot,https://eqlwiki.com/Shiny_Robe_of_the_Underfoot,12,,30,Classic Era,MAGIC ITEM|LORE ITEM
Necromancer,Chest,Summoning Efficiency I,Gossamer Robe,https://eqlwiki.com/Gossamer_Robe,8,,,,MAGIC ITEM
Necromancer,Ear,Affliction Efficiency I,Diamondine Earring,https://eqlwiki.com/Diamondine_Earring,2,12,,Classic Era,MAGIC ITEM
Necromancer,Ear,Burning Affliction I,Golden Ear Stud,https://eqlwiki.com/Golden_Ear_Stud,,,,,
Necromancer,Ear,Jolum's Abatement,Summoned: Jolum's Shiny Bauble,https://eqlwiki.com/Summoned:_Jolum's_Shiny_Bauble,4,10,10,Classic Era,MAGIC ITEM|TEMPORARY|EQUIPPED|LORE
Necromancer,Ear,Jolum's Major Abatement,Summoned: Jolum's Brilliant Bauble,https://eqlwiki.com/Summoned:_Jolum's_Brilliant_Bauble,6,20,20,Classic Era,MAGIC ITEM|TEMPORARY|EQUIPPED|LORE
Necromancer,Ear,Jolum's Minor Abatement,Summoned: Jolum's Tarnished Bauble,https://eqlwiki.com/Summoned:_Jolum's_Tarnished_Bauble,2,5,5,Classic Era,MAGIC ITEM|TEMPORARY|EQUIPPED|LORE
Necromancer,Ear,Jolum's Superior Abatement,Summoned: Jolum's Glowing Bauble,https://eqlwiki.com/Summoned:_Jolum's_Glowing_Bauble,6,20,20,Velious Era,MAGIC ITEM|TEMPORARY|EQUIPPED|LORE
Necromancer,Ear,Mana Preservation I,Polished Bone Hoop,https://eqlwiki.com/Polished_Bone_Hoop,,,10,,
Necromancer,Ear,Reagent Conservation I,Batskull Earring,https://eqlwiki.com/Batskull_Earring,,,,Classic Era,MAGIC ITEM
Necromancer,Face,Burning Affliction I,Burrowing Goggles,https://eqlwiki.com/Burrowing_Goggles,5,10,,,
Necromancer,Face,Improved Damage II,Polished Mithril Mask,https://eqlwiki.com/Polished_Mithril_Mask,5,,,,MAGIC ITEM|LORE ITEM|NO DROP
Necromancer,Face,Reanimation Efficiency I,Lizardskin Tribal Mask,https://eqlwiki.com/Lizardskin_Tribal_Mask,3,,,,MAGIC ITEM
Necromancer,Face,Reanimation Haste I,Carved Ivory Mask,https://eqlwiki.com/Carved_Ivory_Mask,2,10,,,MAGIC ITEM
Necromancer,Feet,Burning Affliction II,Kobold-Hide Boots,https://eqlwiki.com/Kobold-Hide_Boots,5,10,,Classic Era,MAGIC ITEM
Necromancer,Feet,Enhancement Haste II,Golden Efreeti Boots,https://eqlwiki.com/Golden_Efreeti_Boots,5,,,Classic Era,MAGIC ITEM
Necromancer,Feet,Extended Enhancement I,Bear-hide Boots,https://eqlwiki.com/Bear-hide_Boots,5,,,,
Necromancer,Feet,Spell Haste I,Wolf Fur Slippers,https://eqlwiki.com/Wolf_Fur_Slippers,2,,20,Classic Era,MAGIC ITEM
Necromancer,Fingers,Affliction Haste I,Ring of Goblin Lords,https://eqlwiki.com/Ring_of_Goblin_Lords,4,,,,LORE ITEM
Necromancer,Fingers,Extended Enhancement II,Clawed Knuckle-Ring,https://eqlwiki.com/Clawed_Knuckle-Ring,,20,,,MAGIC ITEM
Necromancer,Fingers,Extended Range II,Moonstone Ring,https://eqlwiki.com/Moonstone_Ring,,,30,,MAGIC ITEM
Necromancer,Fingers,Naki's Charm of Pernicity,Summoned: Naki's Twisted Ring,https://eqlwiki.com/Summoned:_Naki's_Twisted_Ring,4,10,10,Classic Era,MAGIC ITEM|TEMPORARY|EQUIPPED|LORE
Necromancer,Fingers,Naki's Greater Pernicity,Summoned: Naki's Studded Ring,https://eqlwiki.com/Summoned:_Naki's_Studded_Ring,6,20,20,Kunark Era,MAGIC ITEM|TEMPORARY|EQUIPPED|LORE
Necromancer,Fingers,Naki's Lesser Pernicity,Summoned: Naki's Tiny Ring,https://eqlwiki.com/Summoned:_Naki's_Tiny_Ring,2,5,5,Classic Era,MAGIC ITEM|TEMPORARY|EQUIPPED|LORE
Necromancer,Fingers,Naki's Superior Pernicity,Summoned: Naki's Spiked Ring,https://eqlwiki.com/Summoned:_Naki's_Spiked_Ring,6,20,20,Velious Era,MAGIC ITEM|TEMPORARY|EQUIPPED|LORE
Necromancer,Fingers,Reanimation Efficiency II,Platinum Skull Ring,https://eqlwiki.com/Platinum_Skull_Ring,,30,20,,MAGIC ITEM
Necromancer,Fingers,Spell Haste II,Djarns Amethyst Ring,https://eqlwiki.com/Djarns_Amethyst_Ring,,80,,,MAGIC ITEM|LORE ITEM
Necromancer,Fingers,Summoning Efficiency I,Band of Flesh,https://eqlwiki.com/Band_of_Flesh,,,,,MAGIC ITEM
Necromancer,Fingers,Summoning Haste I,Adamantite Band,https://eqlwiki.com/Adamantite_Band,,75,,Classic Era,MAGIC ITEM
Necromancer,Hands,Affliction Efficiency I,Impskin Gloves,https://eqlwiki.com/Impskin_Gloves,2,,10,,MAGIC ITEM
Necromancer,Hands,Improved Damage I,Lupine Claw Gauntlets,https://eqlwiki.com/Lupine_Claw_Gauntlets,4,,,,MAGIC ITEM
Necromancer,Hands,Summoning Efficiency I,Dusty Bloodstained Gloves,https://eqlwiki.com/Dusty_Bloodstained_Gloves,2,,25,,MAGIC ITEM
Necromancer,Head,Burning Affliction II,Siryn Hair Hood,https://eqlwiki.com/Siryn_Hair_Hood,5,,,,MAGIC ITEM
Necromancer,Head,Burning Affliction III,Cryosilk Cap,https://eqlwiki.com/Cryosilk_Cap,5,10,10,Classic Era,MAGIC ITEM|NO DROP
Necromancer,Head,Enhancement Haste I,Cat Skull Cap,https://eqlwiki.com/Cat_Skull_Cap,4,,,Classic Era,MAGIC ITEM|LORE ITEM|NO DROP
Necromancer,Head,Enhancement Haste II,Platinum Tiara,https://eqlwiki.com/Platinum_Tiara,3,35,50,,MAGIC ITEM|LORE ITEM
Necromancer,Head,Extended Enhancement I,Shazda Turban,https://eqlwiki.com/Shazda_Turban,,,,,MAGIC ITEM|LORE ITEM
Necromancer,Head,Extended Enhancement II,Batfang Headband,https://eqlwiki.com/Batfang_Headband,2,,,Classic Era,MAGIC ITEM
Necromancer,Head,Improved Healing I,Turtleshell Helm,https://eqlwiki.com/Turtleshell_Helm,5,,,,MAGIC ITEM
Necromancer,Head,Mana Preservation II,Mane Attraction,https://eqlwiki.com/Mane_Attraction,4,,,,LORE ITEM|NO DROP
Necromancer,Head,Reagent Conservation II,Crown of Leaves,https://eqlwiki.com/Crown_of_Leaves,1,,,,
Necromancer,Head,Reagent Conservation II,Fine Silk Turban,https://eqlwiki.com/Fine_Silk_Turban,10,,,,MAGIC ITEM
Necromancer,Head,Reagent Conservation II,Savant's Cap,https://eqlwiki.com/Savant's_Cap,2,,,,MAGIC ITEM
Necromancer,Head,Reanimation Efficiency I,Dark Circlet,https://eqlwiki.com/Dark_Circlet,4,10,,Classic Era,
Necromancer,Head,Reanimation Efficiency II,Runed Cowl,https://eqlwiki.com/Runed_Cowl,2,,,Classic Era,MAGIC ITEM
Necromancer,Head,Reanimation Haste I,Nightshade Wreath,https://eqlwiki.com/Nightshade_Wreath,1,,,,MAGIC ITEM
Necromancer,Legs,Reagent Conservation I,Drake-hide Leggings,https://eqlwiki.com/Drake-hide_Leggings,5,,,,MAGIC ITEM
Necromancer,Legs,Reanimation Haste II,Ishva Mas Leggings,https://eqlwiki.com/Ishva_Mas_Leggings,5,,,Classic Era,ATTUNABLE|EQUIPPED|LORE
Necromancer,Neck,Affliction Efficiency II,White Gold Necklace,https://eqlwiki.com/White_Gold_Necklace,,,,,MAGIC ITEM
Necromancer,Neck,Affliction Haste II,Chrysoberyl Talisman,https://eqlwiki.com/Chrysoberyl_Talisman,5,,20,,MAGIC ITEM|LORE ITEM
Necromancer,Neck,Burning Affliction I,Allize Volew Medicine Bag,https://eqlwiki.com/Allize_Volew_Medicine_Bag,,,,,MAGIC ITEM|LORE ITEM
Necromancer,Neck,Burning Affliction I,Aviak Charm,https://eqlwiki.com/Aviak_Charm,,,,,MAGIC ITEM|LORE ITEM|NO DROP
Necromancer,Neck,Enhancement Haste I,Cape of Midnight Mist,https://eqlwiki.com/Cape_of_Midnight_Mist,2,,,Classic Era,MAGIC ITEM
Necromancer,Neck,Extended Range I,An Elven Charm Necklace,https://eqlwiki.com/An_Elven_Charm_Necklace,,,,Classic Era,LORE ITEM
Necromancer,Neck,Extended Range I,Elven Charm Necklace,https://eqlwiki.com/Elven_Charm_Necklace,,,,Classic Era,
Necromancer,Neck,Extended Range I,Glowing Bone Collar,https://eqlwiki.com/Glowing_Bone_Collar,5,25,25,Classic Era,MAGIC ITEM|LORE ITEM
Necromancer,Neck,Jedah's Conservation,Summoned: Jedah's Silver Choker,https://eqlwiki.com/Summoned:_Jedah's_Silver_Choker,5,10,10,,MAGIC ITEM|TEMPORARY|EQUIPPED|LORE
Necromancer,Neck,Jedah's Greater Conservation,Summoned: Jedah's Golden Choker,https://eqlwiki.com/Summoned:_Jedah's_Golden_Choker,8,20,20,,MAGIC ITEM|TEMPORARY|EQUIPPED|LORE
Necromancer,Neck,Jedah's Lesser Conservation,Summoned: Jedah's Brass Choker,https://eqlwiki.com/Summoned:_Jedah's_Brass_Choker,2,5,5,,MAGIC ITEM|TEMPORARY|EQUIPPED|LORE
Necromancer,Neck,Jedah's Superior Conservation,Summoned: Jedah's Platinum Choker,https://eqlwiki.com/Summoned:_Jedah's_Platinum_Choker,8,20,20,Velious Era,MAGIC ITEM|TEMPORARY|EQUIPPED|LORE
Necromancer,Neck,Mana Preservation II,Black Alloy Medallion,https://eqlwiki.com/Black_Alloy_Medallion,6,,,Classic Era,MAGIC ITEM
Necromancer,Neck,Spell Haste I,Beaded Slime Necklace,https://eqlwiki.com/Beaded_Slime_Necklace,,,,,
Necromancer,Primary,Brass Resonance 14,McVaxius` Horn of War,https://eqlwiki.com/McVaxius`_Horn_of_War,,,,,MAGIC ITEM|LORE ITEM
Necromancer,Primary,Burning Affliction II,Black Tome with Silver Runes,https://eqlwiki.com/Black_Tome_with_Silver_Runes,,,30,Classic Era,MAGIC ITEM
Necromancer,Primary,Improved Healing III,Idol of the Underking,https://eqlwiki.com/Idol_of_the_Underking,,20,20,Classic Era,MAGIC ITEM|LORE ITEM
Necromancer,Primary,Minion of Hate,Encyclopedia Necrotheurgia,https://eqlwiki.com/Encyclopedia_Necrotheurgia,,,,,MAGIC ITEM|LORE ITEM|NO DROP
Necromancer,Primary,Percussion Resonance 11,Mistmoore Battle Drums,https://eqlwiki.com/Mistmoore_Battle_Drums,,,,,ATTUNEABLE|PLACEABLE
Necromancer,Primary,Percussion Resonance 14,Selo`s Drums of the March,https://eqlwiki.com/Selo`s_Drums_of_the_March,,,,,MAGIC ITEM
Necromancer,Primary,Reagent Conservation I,The Artist's Brush,https://eqlwiki.com/The_Artist's_Brush,,,10,,
Necromancer,Primary,String Resonance 11,Gypsy Lute,https://eqlwiki.com/Gypsy_Lute,,,,,
Necromancer,Primary,String Resonance 11,Lute of the Gypsy Princess,https://eqlwiki.com/Lute_of_the_Gypsy_Princess,,,,,ATTUNABLE|PLACEABLE
Necromancer,Primary,Wind Resonance 10,Minotaur Horn,https://eqlwiki.com/Minotaur_Horn,,,,Classic Era,
Necromancer,Range,Improved Healing III,Idol of the Underking,https://eqlwiki.com/Idol_of_the_Underking,,20,20,Classic Era,MAGIC ITEM|LORE ITEM
Necromancer,Range,Reagent Conservation I,The Artist's Brush,https://eqlwiki.com/The_Artist's_Brush,,,10,,
Necromancer,Secondary,Brass Resonance 14,McVaxius` Horn of War,https://eqlwiki.com/McVaxius`_Horn_of_War,,,,,MAGIC ITEM|LORE ITEM
Necromancer,Secondary,Brass Resonance 8,Alluring Horn,https://eqlwiki.com/Alluring_Horn,,,,EpicQuests Era,MAGIC ITEM|LORE ITEM|NO DROP
Necromancer,Secondary,Extended Enhancement III,Rokyls Channelling Crystal,https://eqlwiki.com/Rokyls_Channelling_Crystal,10,50,50,,MAGIC ITEM|LORE ITEM
Necromancer,Secondary,Improved Healing III,Idol of the Underking,https://eqlwiki.com/Idol_of_the_Underking,,20,20,Classic Era,MAGIC ITEM|LORE ITEM
Necromancer,Secondary,Mana Preservation I,Testament of Vanear,https://eqlwiki.com/Testament_of_Vanear,,,10,,MAGIC ITEM|LORE ITEM|NO DROP
Necromancer,Secondary,Minion of Hate,Encyclopedia Necrotheurgia,https://eqlwiki.com/Encyclopedia_Necrotheurgia,,,,,MAGIC ITEM|LORE ITEM|NO DROP
Necromancer,Secondary,Percussion Resonance 11,Mistmoore Battle Drums,https://eqlwiki.com/Mistmoore_Battle_Drums,,,,,ATTUNEABLE|PLACEABLE
Necromancer,Secondary,Percussion Resonance 14,Selo`s Drums of the March,https://eqlwiki.com/Selo`s_Drums_of_the_March,,,,,MAGIC ITEM
Necromancer,Secondary,Reagent Conservation I,The Artist's Brush,https://eqlwiki.com/The_Artist's_Brush,,,10,,
Necromancer,Secondary,String Resonance 10,Mandolin,https://eqlwiki.com/Mandolin,,,,Classic Era,
Necromancer,Secondary,String Resonance 11,Gypsy Lute,https://eqlwiki.com/Gypsy_Lute,,,,,
Necromancer,Secondary,String Resonance 11,Lute of the Gypsy Princess,https://eqlwiki.com/Lute_of_the_Gypsy_Princess,,,,,ATTUNABLE|PLACEABLE
Necromancer,Secondary,Summoning Haste I,A Shimmering Orb,https://eqlwiki.com/A_Shimmering_Orb,15,20,,Classic Era,MAGIC ITEM|LORE ITEM
Necromancer,Secondary,Wind Resonance 10,Minotaur Horn,https://eqlwiki.com/Minotaur_Horn,,,,Classic Era,
Necromancer,Shoulders,Affliction Efficiency II,Squallsurge Shawl,https://eqlwiki.com/Squallsurge_Shawl,5,,50,,MAGIC ITEM
Necromancer,Shoulders,Spell Haste I,Gilded Cloth,https://eqlwiki.com/Gilded_Cloth,3,,,,MAGIC ITEM
Necromancer,Shoulders,Tavee's Charm of Diuturnity,Summoned: Tavee's Leather Mantle,https://eqlwiki.com/Summoned:_Tavee's_Leather_Mantle,6,10,10,Classic Era,MAGIC ITEM|TEMPORARY|EQUIPPED|LORE
Necromancer,Shoulders,Tavee's Greater Diuturnity,Summoned: Tavee's Silken Mantle,https://eqlwiki.com/Summoned:_Tavee's_Silken_Mantle,9,20,20,Kunark Era,MAGIC ITEM|TEMPORARY|EQUIPPED|LORE
Necromancer,Shoulders,Tavee's Lesser Diuturnity,Summoned: Tavee's Linen Mantle,https://eqlwiki.com/Summoned:_Tavee's_Linen_Mantle,3,5,5,Classic Era,MAGIC ITEM|TEMPORARY|EQUIPPED|LORE
Necromancer,Shoulders,Tavee's Superior Diuturnity,Summoned: Tavee's Runed Mantle,https://eqlwiki.com/Summoned:_Tavee's_Runed_Mantle,9,20,20,Velious Era,MAGIC ITEM|TEMPORARY|EQUIPPED|LORE
Necromancer,Waist,Burning Affliction II,Reed Belt,https://eqlwiki.com/Reed_Belt,6,10,,Classic Era,MAGIC ITEM
Necromancer,Waist,Burning Affliction III,Bone-Clasped Girdle,https://eqlwiki.com/Bone-Clasped_Girdle,4,75,75,Classic Era,MAGIC ITEM
Necromancer,Waist,Extended Enhancement II,Drakescale Belt,https://eqlwiki.com/Drakescale_Belt,5,,,Classic Era,
Necromancer,Waist,Extended Range III,Cryosilk Sash,https://eqlwiki.com/Cryosilk_Sash,4,,10,Fear Era,MAGIC ITEM|NO DROP
Necromancer,Waist,Reanimation Haste III,Grotesque Girdle,https://eqlwiki.com/Grotesque_Girdle,8,100,100,FearHateRevamp Era,MAGIC ITEM|LORE ITEM|NO DROP
Necromancer,Waist,Summoning Haste III,Brell's Girdle,https://eqlwiki.com/Brell's_Girdle,10,,50,Classic Era,MAGIC ITEM|LORE ITEM
Necromancer,Wrist,Affliction Efficiency I,Polished Bone Bracelet,https://eqlwiki.com/Polished_Bone_Bracelet,2,,,Classic Era,MAGIC ITEM
Necromancer,Wrist,Affliction Efficiency II,Chipped Bone Bracelet,https://eqlwiki.com/Chipped_Bone_Bracelet,4,,,Classic Era,MAGIC ITEM
Necromancer,Wrist,Affliction Haste I,Granite Bracer,https://eqlwiki.com/Granite_Bracer,5,,,,MAGIC ITEM
Necromancer,Wrist,Burning Affliction I,Summoned: Rallican's Wooden Bracelet,https://eqlwiki.com/Summoned:_Rallican's_Wooden_Bracelet,4,5,5,Classic Era,MAGIC ITEM|TEMPORARY|EQUIPPED|LORE
Necromancer,Wrist,Burning Affliction II,Serpentine Bracer,https://eqlwiki.com/Serpentine_Bracer,1,,,Classic Era,MAGIC ITEM
Necromancer,Wrist,Burning Affliction II,Summoned: Rallican's Stone Bracelet,https://eqlwiki.com/Summoned:_Rallican's_Stone_Bracelet,6,10,10,Classic Era,MAGIC ITEM|TEMPORARY|EQUIPPED|LORE
Necromancer,Wrist,Burning Affliction III,Summoned: Rallican's Iron Bracelet,https://eqlwiki.com/Summoned:_Rallican's_Iron_Bracelet,8,20,20,Kunark Era,MAGIC ITEM|TEMPORARY|EQUIPPED|LORE
Necromancer,Wrist,Burning Affliction IV,Summoned: Rallican's Steel Bracelet,https://eqlwiki.com/Summoned:_Rallican's_Steel_Bracelet,8,20,20,Velious Era,MAGIC ITEM|TEMPORARY|EQUIPPED|LORE
Necromancer,Wrist,Gallenite's Chaos,Summoned: Gallenite's Sapphire Bracelet,https://eqlwiki.com/Summoned:_Gallenite's_Sapphire_Bracelet,8,20,20,Velious Era,MAGIC ITEM|TEMPORARY|EQUIPPED|LORE
Necromancer,Wrist,Gallenite's Destruction,Summoned: Gallenite's Opal Bracelet,https://eqlwiki.com/Summoned:_Gallenite's_Opal_Bracelet,6,10,10,Classic Era,MAGIC ITEM|TEMPORARY|EQUIPPED|LORE
Necromancer,Wrist,Gallenite's Major Destruction,Summoned: Gallenite's Ruby Bracelet,https://eqlwiki.com/Summoned:_Gallenite's_Ruby_Bracelet,8,20,20,Kunark Era,MAGIC ITEM|TEMPORARY|EQUIPPED|LORE
Necromancer,Wrist,Gallenite's Minor Destruction,Summoned: Gallenite's Jade Bracelet,https://eqlwiki.com/Summoned:_Gallenite's_Jade_Bracelet,4,5,5,Classic Era,MAGIC ITEM|TEMPORARY|EQUIPPED|LORE
Necromancer,Wrist,Reagent Conservation I,Happy Love Bracers,https://eqlwiki.com/Happy_Love_Bracers,1,,,,LORE ITEM|NO DROP
Necromancer,Wrist,Reagent Conservation II,Amethyst Bracelet,https://eqlwiki.com/Amethyst_Bracelet,5,15,,,MAGIC ITEM
Necromancer,Wrist,Reagent Conservation III,Runed Mithril Bracer,https://eqlwiki.com/Runed_Mithril_Bracer,4,,,Classic Era,MAGIC ITEM
Necromancer,Wrist,Reanimation Haste I,Ivory Bracelet,https://eqlwiki.com/Ivory_Bracelet,,,20,Classic Era,MAGIC ITEM
Necromancer,Wrist,Spell Haste I,Bracelet of Woven Grass,https://eqlwiki.com/Bracelet_of_Woven_Grass,1,12,,,MAGIC ITEM
Paladin,Arms,Enhancement Haste I,Gatorscale Sleeves,https://eqlwiki.com/Gatorscale_Sleeves,6,15,,Classic Era,MAGIC ITEM
Paladin,Arms,Extended Range I,Drake-hide Sleeves,https://eqlwiki.com/Drake-hide_Sleeves,4,10,,Classic Era,MAGIC ITEM
Paladin,Arms,Improved Damage I,Azure Sleeves,https://eqlwiki.com/Azure_Sleeves,12,,,Classic Era,MAGIC ITEM
Paladin,Arms,Mana Preservation I,Platinum Armband,https://eqlwiki.com/Platinum_Armband,,,,Classic Era,MAGIC ITEM
Paladin,Back,Improved Damage I,Mammoth Hide Cloak,https://eqlwiki.com/Mammoth_Hide_Cloak,7,,,,
Paladin,Back,Improved Damage III,White Dragonscale Cloak,https://eqlwiki.com/White_Dragonscale_Cloak,10,,75,Classic Era,MAGIC ITEM
Paladin,Chest,Extended Enhancement I,Lockjaw Hide Vest,https://eqlwiki.com/Lockjaw_Hide_Vest,12,,,Classic Era,MAGIC ITEM
Paladin,Chest,Mana Preservation I,Vagrant's Tunic,https://eqlwiki.com/Vagrant's_Tunic,8,5,,Classic Era,ATTUNABLE
Paladin,Chest,Spell Haste II,Mithril-Runed Tunic,https://eqlwiki.com/Mithril-Runed_Tunic,10,,,,MAGIC ITEM
Paladin,Ear,Affliction Efficiency I,Diamondine Earring,https://eqlwiki.com/Diamondine_Earring,2,12,,Classic Era,MAGIC ITEM
Paladin,Ear,Burning Affliction I,Golden Ear Stud,https://eqlwiki.com/Golden_Ear_Stud,,,,,
Paladin,Ear,Jolum's Abatement,Summoned: Jolum's Shiny Bauble,https://eqlwiki.com/Summoned:_Jolum's_Shiny_Bauble,4,10,10,Classic Era,MAGIC ITEM|TEMPORARY|EQUIPPED|LORE
Paladin,Ear,Jolum's Major Abatement,Summoned: Jolum's Brilliant Bauble,https://eqlwiki.com/Summoned:_Jolum's_Brilliant_Bauble,6,20,20,Classic Era,MAGIC ITEM|TEMPORARY|EQUIPPED|LORE
Paladin,Ear,Jolum's Minor Abatement,Summoned: Jolum's Tarnished Bauble,https://eqlwiki.com/Summoned:_Jolum's_Tarnished_Bauble,2,5,5,Classic Era,MAGIC ITEM|TEMPORARY|EQUIPPED|LORE
Paladin,Ear,Jolum's Superior Abatement,Summoned: Jolum's Glowing Bauble,https://eqlwiki.com/Summoned:_Jolum's_Glowing_Bauble,6,20,20,Velious Era,MAGIC ITEM|TEMPORARY|EQUIPPED|LORE
Paladin,Ear,Mana Preservation I,Polished Bone Hoop,https://eqlwiki.com/Polished_Bone_Hoop,,,10,,
Paladin,Ear,Reagent Conservation I,Batskull Earring,https://eqlwiki.com/Batskull_Earring,,,,Classic Era,MAGIC ITEM
Paladin,Face,Improved Damage II,Polished Mithril Mask,https://eqlwiki.com/Polished_Mithril_Mask,5,,,,MAGIC ITEM|LORE ITEM|NO DROP
Paladin,Face,Improved Healing I,Emissary Mask,https://eqlwiki.com/Emissary_Mask,4,,,Classic Era,ATTUNABLE
Paladin,Face,Reanimation Efficiency I,Lizardskin Tribal Mask,https://eqlwiki.com/Lizardskin_Tribal_Mask,3,,,,MAGIC ITEM
Paladin,Face,Reanimation Haste I,Carved Ivory Mask,https://eqlwiki.com/Carved_Ivory_Mask,2,10,,,MAGIC ITEM
Paladin,Feet,Burning Affliction II,Kobold-Hide Boots,https://eqlwiki.com/Kobold-Hide_Boots,5,10,,Classic Era,MAGIC ITEM
Paladin,Feet,Enhancement Haste II,Golden Efreeti Boots,https://eqlwiki.com/Golden_Efreeti_Boots,5,,,Classic Era,MAGIC ITEM
Paladin,Feet,Extended Enhancement I,Bear-hide Boots,https://eqlwiki.com/Bear-hide_Boots,5,,,,
Paladin,Feet,Spell Haste I,Wolf Fur Slippers,https://eqlwiki.com/Wolf_Fur_Slippers,2,,20,Classic Era,MAGIC ITEM
Paladin,Fingers,Affliction Haste I,Ring of Goblin Lords,https://eqlwiki.com/Ring_of_Goblin_Lords,4,,,,LORE ITEM
Paladin,Fingers,Extended Enhancement II,Clawed Knuckle-Ring,https://eqlwiki.com/Clawed_Knuckle-Ring,,20,,,MAGIC ITEM
Paladin,Fingers,Extended Range II,Moonstone Ring,https://eqlwiki.com/Moonstone_Ring,,,30,,MAGIC ITEM
Paladin,Fingers,Naki's Charm of Pernicity,Summoned: Naki's Twisted Ring,https://eqlwiki.com/Summoned:_Naki's_Twisted_Ring,4,10,10,Classic Era,MAGIC ITEM|TEMPORARY|EQUIPPED|LORE
Paladin,Fingers,Naki's Greater Pernicity,Summoned: Naki's Studded Ring,https://eqlwiki.com/Summoned:_Naki's_Studded_Ring,6,20,20,Kunark Era,MAGIC ITEM|TEMPORARY|EQUIPPED|LORE
Paladin,Fingers,Naki's Lesser Pernicity,Summoned: Naki's Tiny Ring,https://eqlwiki.com/Summoned:_Naki's_Tiny_Ring,2,5,5,Classic Era,MAGIC ITEM|TEMPORARY|EQUIPPED|LORE
Paladin,Fingers,Naki's Superior Pernicity,Summoned: Naki's Spiked Ring,https://eqlwiki.com/Summoned:_Naki's_Spiked_Ring,6,20,20,Velious Era,MAGIC ITEM|TEMPORARY|EQUIPPED|LORE
Paladin,Fingers,Reanimation Efficiency II,Platinum Skull Ring,https://eqlwiki.com/Platinum_Skull_Ring,,30,20,,MAGIC ITEM
Paladin,Fingers,Spell Haste II,Djarns Amethyst Ring,https://eqlwiki.com/Djarns_Amethyst_Ring,,80,,,MAGIC ITEM|LORE ITEM
Paladin,Fingers,Summoning Efficiency I,Band of Flesh,https://eqlwiki.com/Band_of_Flesh,,,,,MAGIC ITEM
Paladin,Fingers,Summoning Haste I,Adamantite Band,https://eqlwiki.com/Adamantite_Band,,75,,Classic Era,MAGIC ITEM
Paladin,Hands,Affliction Efficiency I,Impskin Gloves,https://eqlwiki.com/Impskin_Gloves,2,,10,,MAGIC ITEM
Paladin,Hands,Improved Damage I,Lupine Claw Gauntlets,https://eqlwiki.com/Lupine_Claw_Gauntlets,4,,,,MAGIC ITEM
Paladin,Head,Burning Affliction II,Siryn Hair Hood,https://eqlwiki.com/Siryn_Hair_Hood,5,,,,MAGIC ITEM
Paladin,Head,Enhancement Haste I,Cat Skull Cap,https://eqlwiki.com/Cat_Skull_Cap,4,,,Classic Era,MAGIC ITEM|LORE ITEM|NO DROP
Paladin,Head,Enhancement Haste I,Etched Iron Helm,https://eqlwiki.com/Etched_Iron_Helm,11,,,Classic Era,
Paladin,Head,Extended Enhancement I,Shazda Turban,https://eqlwiki.com/Shazda_Turban,,,,,MAGIC ITEM|LORE ITEM
Paladin,Head,Extended Enhancement II,Batfang Headband,https://eqlwiki.com/Batfang_Headband,2,,,Classic Era,MAGIC ITEM
Paladin,Head,Improved Healing I,Turtleshell Helm,https://eqlwiki.com/Turtleshell_Helm,5,,,,MAGIC ITEM
Paladin,Head,Mana Preservation II,Mane Attraction,https://eqlwiki.com/Mane_Attraction,4,,,,LORE ITEM|NO DROP
Paladin,Head,Reagent Conservation II,Crown of Leaves,https://eqlwiki.com/Crown_of_Leaves,1,,,,
Paladin,Head,Reagent Conservation II,Fine Silk Turban,https://eqlwiki.com/Fine_Silk_Turban,10,,,,MAGIC ITEM
Paladin,Head,Reagent Conservation II,Savant's Cap,https://eqlwiki.com/Savant's_Cap,2,,,,MAGIC ITEM
Paladin,Legs,Reagent Conservation I,Drake-hide Leggings,https://eqlwiki.com/Drake-hide_Leggings,5,,,,MAGIC ITEM
Paladin,Neck,Affliction Efficiency II,White Gold Necklace,https://eqlwiki.com/White_Gold_Necklace,,,,,MAGIC ITEM
Paladin,Neck,Affliction Haste II,Chrysoberyl Talisman,https://eqlwiki.com/Chrysoberyl_Talisman,5,,20,,MAGIC ITEM|LORE ITEM
Paladin,Neck,Burning Affliction I,Allize Volew Medicine Bag,https://eqlwiki.com/Allize_Volew_Medicine_Bag,,,,,MAGIC ITEM|LORE ITEM
Paladin,Neck,Burning Affliction I,Aviak Charm,https://eqlwiki.com/Aviak_Charm,,,,,MAGIC ITEM|LORE ITEM|NO DROP
Paladin,Neck,Extended Range I,An Elven Charm Necklace,https://eqlwiki.com/An_Elven_Charm_Necklace,,,,Classic Era,LORE ITEM
Paladin,Neck,Extended Range I,Elven Charm Necklace,https://eqlwiki.com/Elven_Charm_Necklace,,,,Classic Era,
Paladin,Neck,Extended Range I,Glowing Bone Collar,https://eqlwiki.com/Glowing_Bone_Collar,5,25,25,Classic Era,MAGIC ITEM|LORE ITEM
Paladin,Neck,Jedah's Conservation,Summoned: Jedah's Silver Choker,https://eqlwiki.com/Summoned:_Jedah's_Silver_Choker,5,10,10,,MAGIC ITEM|TEMPORARY|EQUIPPED|LORE
Paladin,Neck,Jedah's Greater Conservation,Summoned: Jedah's Golden Choker,https://eqlwiki.com/Summoned:_Jedah's_Golden_Choker,8,20,20,,MAGIC ITEM|TEMPORARY|EQUIPPED|LORE
Paladin,Neck,Jedah's Lesser Conservation,Summoned: Jedah's Brass Choker,https://eqlwiki.com/Summoned:_Jedah's_Brass_Choker,2,5,5,,MAGIC ITEM|TEMPORARY|EQUIPPED|LORE
Paladin,Neck,Jedah's Superior Conservation,Summoned: Jedah's Platinum Choker,https://eqlwiki.com/Summoned:_Jedah's_Platinum_Choker,8,20,20,Velious Era,MAGIC ITEM|TEMPORARY|EQUIPPED|LORE
Paladin,Neck,Mana Preservation II,Black Alloy Medallion,https://eqlwiki.com/Black_Alloy_Medallion,6,,,Classic Era,MAGIC ITEM
Paladin,Neck,Spell Haste I,Beaded Slime Necklace,https://eqlwiki.com/Beaded_Slime_Necklace,,,,,
Paladin,Primary,Brass Resonance 14,McVaxius` Horn of War,https://eqlwiki.com/McVaxius`_Horn_of_War,,,,,MAGIC ITEM|LORE ITEM
Paladin,Primary,Improved Healing III,Idol of the Underking,https://eqlwiki.com/Idol_of_the_Underking,,20,20,Classic Era,MAGIC ITEM|LORE ITEM
Paladin,Primary,Percussion Resonance 11,Mistmoore Battle Drums,https://eqlwiki.com/Mistmoore_Battle_Drums,,,,,ATTUNEABLE|PLACEABLE
Paladin,Primary,Percussion Resonance 14,Selo`s Drums of the March,https://eqlwiki.com/Selo`s_Drums_of_the_March,,,,,MAGIC ITEM
Paladin,Primary,String Resonance 11,Gypsy Lute,https://eqlwiki.com/Gypsy_Lute,,,,,
Paladin,Primary,String Resonance 11,Lute of the Gypsy Princess,https://eqlwiki.com/Lute_of_the_Gypsy_Princess,,,,,ATTUNABLE|PLACEABLE
Paladin,Primary,Wind Resonance 10,Minotaur Horn,https://eqlwiki.com/Minotaur_Horn,,,,Classic Era,
Paladin,Range,Improved Healing III,Idol of the Underking,https://eqlwiki.com/Idol_of_the_Underking,,20,20,Classic Era,MAGIC ITEM|LORE ITEM
Paladin,Secondary,Brass Resonance 14,McVaxius` Horn of War,https://eqlwiki.com/McVaxius`_Horn_of_War,,,,,MAGIC ITEM|LORE ITEM
Paladin,Secondary,Brass Resonance 8,Alluring Horn,https://eqlwiki.com/Alluring_Horn,,,,EpicQuests Era,MAGIC ITEM|LORE ITEM|NO DROP
Paladin,Secondary,Improved Damage I,Spiked Buckler,https://eqlwiki.com/Spiked_Buckler,10,,,Classic Era,
Paladin,Secondary,Improved Healing III,Idol of the Underking,https://eqlwiki.com/Idol_of_the_Underking,,20,20,Classic Era,MAGIC ITEM|LORE ITEM
Paladin,Secondary,Mana Preservation I,Testament of Vanear,https://eqlwiki.com/Testament_of_Vanear,,,10,,MAGIC ITEM|LORE ITEM|NO DROP
Paladin,Secondary,Percussion Resonance 11,Mistmoore Battle Drums,https://eqlwiki.com/Mistmoore_Battle_Drums,,,,,ATTUNEABLE|PLACEABLE
Paladin,Secondary,Percussion Resonance 14,Selo`s Drums of the March,https://eqlwiki.com/Selo`s_Drums_of_the_March,,,,,MAGIC ITEM
Paladin,Secondary,String Resonance 10,Mandolin,https://eqlwiki.com/Mandolin,,,,Classic Era,
Paladin,Secondary,String Resonance 11,Gypsy Lute,https://eqlwiki.com/Gypsy_Lute,,,,,
Paladin,Secondary,String Resonance 11,Lute of the Gypsy Princess,https://eqlwiki.com/Lute_of_the_Gypsy_Princess,,,,,ATTUNABLE|PLACEABLE
Paladin,Secondary,Wind Resonance 10,Minotaur Horn,https://eqlwiki.com/Minotaur_Horn,,,,Classic Era,
Paladin,Shoulders,Tavee's Charm of Diuturnity,Summoned: Tavee's Leather Mantle,https://eqlwiki.com/Summoned:_Tavee's_Leather_Mantle,6,10,10,Classic Era,MAGIC ITEM|TEMPORARY|EQUIPPED|LORE
Paladin,Shoulders,Tavee's Greater Diuturnity,Summoned: Tavee's Silken Mantle,https://eqlwiki.com/Summoned:_Tavee's_Silken_Mantle,9,20,20,Kunark Era,MAGIC ITEM|TEMPORARY|EQUIPPED|LORE
Paladin,Shoulders,Tavee's Lesser Diuturnity,Summoned: Tavee's Linen Mantle,https://eqlwiki.com/Summoned:_Tavee's_Linen_Mantle,3,5,5,Classic Era,MAGIC ITEM|TEMPORARY|EQUIPPED|LORE
Paladin,Shoulders,Tavee's Superior Diuturnity,Summoned: Tavee's Runed Mantle,https://eqlwiki.com/Summoned:_Tavee's_Runed_Mantle,9,20,20,Velious Era,MAGIC ITEM|TEMPORARY|EQUIPPED|LORE
Paladin,Waist,Burning Affliction II,Reed Belt,https://eqlwiki.com/Reed_Belt,6,10,,Classic Era,MAGIC ITEM
Paladin,Waist,Extended Enhancement II,Drakescale Belt,https://eqlwiki.com/Drakescale_Belt,5,,,Classic Era,
Paladin,Waist,Summoning Haste III,Brell's Girdle,https://eqlwiki.com/Brell's_Girdle,10,,50,Classic Era,MAGIC ITEM|LORE ITEM
Paladin,Wrist,Affliction Efficiency I,Polished Bone Bracelet,https://eqlwiki.com/Polished_Bone_Bracelet,2,,,Classic Era,MAGIC ITEM
Paladin,Wrist,Affliction Efficiency II,Chipped Bone Bracelet,https://eqlwiki.com/Chipped_Bone_Bracelet,4,,,Classic Era,MAGIC ITEM
Paladin,Wrist,Affliction Haste I,Granite Bracer,https://eqlwiki.com/Granite_Bracer,5,,,,MAGIC ITEM
Paladin,Wrist,Burning Affliction I,Summoned: Rallican's Wooden Bracelet,https://eqlwiki.com/Summoned:_Rallican's_Wooden_Bracelet,4,5,5,Classic Era,MAGIC ITEM|TEMPORARY|EQUIPPED|LORE
Paladin,Wrist,Burning Affliction II,Serpentine Bracer,https://eqlwiki.com/Serpentine_Bracer,1,,,Classic Era,MAGIC ITEM
Paladin,Wrist,Burning Affliction II,Summoned: Rallican's Stone Bracelet,https://eqlwiki.com/Summoned:_Rallican's_Stone_Bracelet,6,10,10,Classic Era,MAGIC ITEM|TEMPORARY|EQUIPPED|LORE
Paladin,Wrist,Burning Affliction III,Summoned: Rallican's Iron Bracelet,https://eqlwiki.com/Summoned:_Rallican's_Iron_Bracelet,8,20,20,Kunark Era,MAGIC ITEM|TEMPORARY|EQUIPPED|LORE
Paladin,Wrist,Burning Affliction IV,Summoned: Rallican's Steel Bracelet,https://eqlwiki.com/Summoned:_Rallican's_Steel_Bracelet,8,20,20,Velious Era,MAGIC ITEM|TEMPORARY|EQUIPPED|LORE
Paladin,Wrist,Gallenite's Chaos,Summoned: Gallenite's Sapphire Bracelet,https://eqlwiki.com/Summoned:_Gallenite's_Sapphire_Bracelet,8,20,20,Velious Era,MAGIC ITEM|TEMPORARY|EQUIPPED|LORE
Paladin,Wrist,Gallenite's Destruction,Summoned: Gallenite's Opal Bracelet,https://eqlwiki.com/Summoned:_Gallenite's_Opal_Bracelet,6,10,10,Classic Era,MAGIC ITEM|TEMPORARY|EQUIPPED|LORE
Paladin,Wrist,Gallenite's Major Destruction,Summoned: Gallenite's Ruby Bracelet,https://eqlwiki.com/Summoned:_Gallenite's_Ruby_Bracelet,8,20,20,Kunark Era,MAGIC ITEM|TEMPORARY|EQUIPPED|LORE
Paladin,Wrist,Gallenite's Minor Destruction,Summoned: Gallenite's Jade Bracelet,https://eqlwiki.com/Summoned:_Gallenite's_Jade_Bracelet,4,5,5,Classic Era,MAGIC ITEM|TEMPORARY|EQUIPPED|LORE
Paladin,Wrist,Reagent Conservation I,Happy Love Bracers,https://eqlwiki.com/Happy_Love_Bracers,1,,,,LORE ITEM|NO DROP
Paladin,Wrist,Reagent Conservation II,Amethyst Bracelet,https://eqlwiki.com/Amethyst_Bracelet,5,15,,,MAGIC ITEM
Paladin,Wrist,Reagent Conservation III,Runed Mithril Bracer,https://eqlwiki.com/Runed_Mithril_Bracer,4,,,Classic Era,MAGIC ITEM
Paladin,Wrist,Reanimation Haste I,Ivory Bracelet,https://eqlwiki.com/Ivory_Bracelet,,,20,Classic Era,MAGIC ITEM
Paladin,Wrist,Spell Haste I,Bracelet of Woven Grass,https://eqlwiki.com/Bracelet_of_Woven_Grass,1,12,,,MAGIC ITEM
Ranger,Arms,Enhancement Haste I,Gatorscale Sleeves,https://eqlwiki.com/Gatorscale_Sleeves,6,15,,Classic Era,MAGIC ITEM
Ranger,Arms,Extended Range I,Drake-hide Sleeves,https://eqlwiki.com/Drake-hide_Sleeves,4,10,,Classic Era,MAGIC ITEM
Ranger,Arms,Improved Damage I,Azure Sleeves,https://eqlwiki.com/Azure_Sleeves,12,,,Classic Era,MAGIC ITEM
Ranger,Arms,Mana Preservation I,Platinum Armband,https://eqlwiki.com/Platinum_Armband,,,,Classic Era,MAGIC ITEM
Ranger,Back,Improved Damage I,Mammoth Hide Cloak,https://eqlwiki.com/Mammoth_Hide_Cloak,7,,,,
Ranger,Back,Improved Damage III,White Dragonscale Cloak,https://eqlwiki.com/White_Dragonscale_Cloak,10,,75,Classic Era,MAGIC ITEM
Ranger,Chest,Extended Enhancement I,Lockjaw Hide Vest,https://eqlwiki.com/Lockjaw_Hide_Vest,12,,,Classic Era,MAGIC ITEM
Ranger,Chest,Mana Preservation I,Vagrant's Tunic,https://eqlwiki.com/Vagrant's_Tunic,8,5,,Classic Era,ATTUNABLE
Ranger,Chest,Spell Haste II,Mithril-Runed Tunic,https://eqlwiki.com/Mithril-Runed_Tunic,10,,,,MAGIC ITEM
Ranger,Ear,Affliction Efficiency I,Diamondine Earring,https://eqlwiki.com/Diamondine_Earring,2,12,,Classic Era,MAGIC ITEM
Ranger,Ear,Burning Affliction I,Golden Ear Stud,https://eqlwiki.com/Golden_Ear_Stud,,,,,
Ranger,Ear,Jolum's Abatement,Summoned: Jolum's Shiny Bauble,https://eqlwiki.com/Summoned:_Jolum's_Shiny_Bauble,4,10,10,Classic Era,MAGIC ITEM|TEMPORARY|EQUIPPED|LORE
Ranger,Ear,Jolum's Major Abatement,Summoned: Jolum's Brilliant Bauble,https://eqlwiki.com/Summoned:_Jolum's_Brilliant_Bauble,6,20,20,Classic Era,MAGIC ITEM|TEMPORARY|EQUIPPED|LORE
Ranger,Ear,Jolum's Minor Abatement,Summoned: Jolum's Tarnished Bauble,https://eqlwiki.com/Summoned:_Jolum's_Tarnished_Bauble,2,5,5,Classic Era,MAGIC ITEM|TEMPORARY|EQUIPPED|LORE
Ranger,Ear,Jolum's Superior Abatement,Summoned: Jolum's Glowing Bauble,https://eqlwiki.com/Summoned:_Jolum's_Glowing_Bauble,6,20,20,Velious Era,MAGIC ITEM|TEMPORARY|EQUIPPED|LORE
Ranger,Ear,Mana Preservation I,Polished Bone Hoop,https://eqlwiki.com/Polished_Bone_Hoop,,,10,,
Ranger,Ear,Reagent Conservation I,Batskull Earring,https://eqlwiki.com/Batskull_Earring,,,,Classic Era,MAGIC ITEM
Ranger,Face,Improved Damage II,Polished Mithril Mask,https://eqlwiki.com/Polished_Mithril_Mask,5,,,,MAGIC ITEM|LORE ITEM|NO DROP
Ranger,Face,Reanimation Efficiency I,Lizardskin Tribal Mask,https://eqlwiki.com/Lizardskin_Tribal_Mask,3,,,,MAGIC ITEM
Ranger,Face,Reanimation Haste I,Carved Ivory Mask,https://eqlwiki.com/Carved_Ivory_Mask,2,10,,,MAGIC ITEM
Ranger,Feet,Burning Affliction II,Kobold-Hide Boots,https://eqlwiki.com/Kobold-Hide_Boots,5,10,,Classic Era,MAGIC ITEM
Ranger,Feet,Enhancement Haste II,Golden Efreeti Boots,https://eqlwiki.com/Golden_Efreeti_Boots,5,,,Classic Era,MAGIC ITEM
Ranger,Feet,Extended Enhancement I,Bear-hide Boots,https://eqlwiki.com/Bear-hide_Boots,5,,,,
Ranger,Feet,Spell Haste I,Wolf Fur Slippers,https://eqlwiki.com/Wolf_Fur_Slippers,2,,20,Classic Era,MAGIC ITEM
Ranger,Fingers,Affliction Haste I,Ring of Goblin Lords,https://eqlwiki.com/Ring_of_Goblin_Lords,4,,,,LORE ITEM
Ranger,Fingers,Extended Enhancement II,Clawed Knuckle-Ring,https://eqlwiki.com/Clawed_Knuckle-Ring,,20,,,MAGIC ITEM
Ranger,Fingers,Extended Range II,Moonstone Ring,https://eqlwiki.com/Moonstone_Ring,,,30,,MAGIC ITEM
Ranger,Fingers,Naki's Charm of Pernicity,Summoned: Naki's Twisted Ring,https://eqlwiki.com/Summoned:_Naki's_Twisted_Ring,4,10,10,Classic Era,MAGIC ITEM|TEMPORARY|EQUIPPED|LORE
Ranger,Fingers,Naki's Greater Pernicity,Summoned: Naki's Studded Ring,https://eqlwiki.com/Summoned:_Naki's_Studded_Ring,6,20,20,Kunark Era,MAGIC ITEM|TEMPORARY|EQUIPPED|LORE
Ranger,Fingers,Naki's Lesser Pernicity,Summoned: Naki's Tiny Ring,https://eqlwiki.com/Summoned:_Naki's_Tiny_Ring,2,5,5,Classic Era,MAGIC ITEM|TEMPORARY|EQUIPPED|LORE
Ranger,Fingers,Naki's Superior Pernicity,Summoned: Naki's Spiked Ring,https://eqlwiki.com/Summoned:_Naki's_Spiked_Ring,6,20,20,Velious Era,MAGIC ITEM|TEMPORARY|EQUIPPED|LORE
Ranger,Fingers,Reanimation Efficiency II,Platinum Skull Ring,https://eqlwiki.com/Platinum_Skull_Ring,,30,20,,MAGIC ITEM
Ranger,Fingers,Spell Haste II,Djarns Amethyst Ring,https://eqlwiki.com/Djarns_Amethyst_Ring,,80,,,MAGIC ITEM|LORE ITEM
Ranger,Fingers,Summoning Efficiency I,Band of Flesh,https://eqlwiki.com/Band_of_Flesh,,,,,MAGIC ITEM
Ranger,Fingers,Summoning Haste I,Adamantite Band,https://eqlwiki.com/Adamantite_Band,,75,,Classic Era,MAGIC ITEM
Ranger,Hands,Affliction Efficiency I,Impskin Gloves,https://eqlwiki.com/Impskin_Gloves,2,,10,,MAGIC ITEM
Ranger,Hands,Improved Damage I,Lupine Claw Gauntlets,https://eqlwiki.com/Lupine_Claw_Gauntlets,4,,,,MAGIC ITEM
Ranger,Head,Burning Affliction II,Siryn Hair Hood,https://eqlwiki.com/Siryn_Hair_Hood,5,,,,MAGIC ITEM
Ranger,Head,Enhancement Haste I,Cat Skull Cap,https://eqlwiki.com/Cat_Skull_Cap,4,,,Classic Era,MAGIC ITEM|LORE ITEM|NO DROP
Ranger,Head,Extended Enhancement I,Shazda Turban,https://eqlwiki.com/Shazda_Turban,,,,,MAGIC ITEM|LORE ITEM
Ranger,Head,Extended Enhancement II,Batfang Headband,https://eqlwiki.com/Batfang_Headband,2,,,Classic Era,MAGIC ITEM
Ranger,Head,Improved Healing I,Turtleshell Helm,https://eqlwiki.com/Turtleshell_Helm,5,,,,MAGIC ITEM
Ranger,Head,Mana Preservation II,Mane Attraction,https://eqlwiki.com/Mane_Attraction,4,,,,LORE ITEM|NO DROP
Ranger,Head,Reagent Conservation II,Crown of Leaves,https://eqlwiki.com/Crown_of_Leaves,1,,,,
Ranger,Head,Reagent Conservation II,Fine Silk Turban,https://eqlwiki.com/Fine_Silk_Turban,10,,,,MAGIC ITEM
Ranger,Head,Reagent Conservation II,Savant's Cap,https://eqlwiki.com/Savant's_Cap,2,,,,MAGIC ITEM
Ranger,Legs,Reagent Conservation I,Drake-hide Leggings,https://eqlwiki.com/Drake-hide_Leggings,5,,,,MAGIC ITEM
Ranger,Neck,Affliction Efficiency II,White Gold Necklace,https://eqlwiki.com/White_Gold_Necklace,,,,,MAGIC ITEM
Ranger,Neck,Affliction Haste II,Chrysoberyl Talisman,https://eqlwiki.com/Chrysoberyl_Talisman,5,,20,,MAGIC ITEM|LORE ITEM
Ranger,Neck,Burning Affliction I,Allize Volew Medicine Bag,https://eqlwiki.com/Allize_Volew_Medicine_Bag,,,,,MAGIC ITEM|LORE ITEM
Ranger,Neck,Burning Affliction I,Aviak Charm,https://eqlwiki.com/Aviak_Charm,,,,,MAGIC ITEM|LORE ITEM|NO DROP
Ranger,Neck,Extended Range I,An Elven Charm Necklace,https://eqlwiki.com/An_Elven_Charm_Necklace,,,,Classic Era,LORE ITEM
Ranger,Neck,Extended Range I,Elven Charm Necklace,https://eqlwiki.com/Elven_Charm_Necklace,,,,Classic Era,
Ranger,Neck,Extended Range I,Glowing Bone Collar,https://eqlwiki.com/Glowing_Bone_Collar,5,25,25,Classic Era,MAGIC ITEM|LORE ITEM
Ranger,Neck,Jedah's Conservation,Summoned: Jedah's Silver Choker,https://eqlwiki.com/Summoned:_Jedah's_Silver_Choker,5,10,10,,MAGIC ITEM|TEMPORARY|EQUIPPED|LORE
Ranger,Neck,Jedah's Greater Conservation,Summoned: Jedah's Golden Choker,https://eqlwiki.com/Summoned:_Jedah's_Golden_Choker,8,20,20,,MAGIC ITEM|TEMPORARY|EQUIPPED|LORE
Ranger,Neck,Jedah's Lesser Conservation,Summoned: Jedah's Brass Choker,https://eqlwiki.com/Summoned:_Jedah's_Brass_Choker,2,5,5,,MAGIC ITEM|TEMPORARY|EQUIPPED|LORE
Ranger,Neck,Jedah's Superior Conservation,Summoned: Jedah's Platinum Choker,https://eqlwiki.com/Summoned:_Jedah's_Platinum_Choker,8,20,20,Velious Era,MAGIC ITEM|TEMPORARY|EQUIPPED|LORE
Ranger,Neck,Mana Preservation II,Black Alloy Medallion,https://eqlwiki.com/Black_Alloy_Medallion,6,,,Classic Era,MAGIC ITEM
Ranger,Neck,Spell Haste I,Beaded Slime Necklace,https://eqlwiki.com/Beaded_Slime_Necklace,,,,,
Ranger,Primary,Brass Resonance 14,McVaxius` Horn of War,https://eqlwiki.com/McVaxius`_Horn_of_War,,,,,MAGIC ITEM|LORE ITEM
Ranger,Primary,Improved Healing III,Idol of the Underking,https://eqlwiki.com/Idol_of_the_Underking,,20,20,Classic Era,MAGIC ITEM|LORE ITEM
Ranger,Primary,Percussion Resonance 11,Mistmoore Battle Drums,https://eqlwiki.com/Mistmoore_Battle_Drums,,,,,ATTUNEABLE|PLACEABLE
Ranger,Primary,Percussion Resonance 14,Selo`s Drums of the March,https://eqlwiki.com/Selo`s_Drums_of_the_March,,,,,MAGIC ITEM
Ranger,Primary,String Resonance 11,Gypsy Lute,https://eqlwiki.com/Gypsy_Lute,,,,,
Ranger,Primary,String Resonance 11,Lute of the Gypsy Princess,https://eqlwiki.com/Lute_of_the_Gypsy_Princess,,,,,ATTUNABLE|PLACEABLE
Ranger,Primary,Wind Resonance 10,Minotaur Horn,https://eqlwiki.com/Minotaur_Horn,,,,Classic Era,
Ranger,Range,Improved Healing III,Idol of the Underking,https://eqlwiki.com/Idol_of_the_Underking,,20,20,Classic Era,MAGIC ITEM|LORE ITEM
Ranger,Secondary,Brass Resonance 14,McVaxius` Horn of War,https://eqlwiki.com/McVaxius`_Horn_of_War,,,,,MAGIC ITEM|LORE ITEM
Ranger,Secondary,Brass Resonance 8,Alluring Horn,https://eqlwiki.com/Alluring_Horn,,,,EpicQuests Era,MAGIC ITEM|LORE ITEM|NO DROP
Ranger,Secondary,Improved Damage I,Spiked Buckler,https://eqlwiki.com/Spiked_Buckler,10,,,Classic Era,
Ranger,Secondary,Improved Healing III,Idol of the Underking,https://eqlwiki.com/Idol_of_the_Underking,,20,20,Classic Era,MAGIC ITEM|LORE ITEM
Ranger,Secondary,Mana Preservation I,Testament of Vanear,https://eqlwiki.com/Testament_of_Vanear,,,10,,MAGIC ITEM|LORE ITEM|NO DROP
Ranger,Secondary,Percussion Resonance 11,Mistmoore Battle Drums,https://eqlwiki.com/Mistmoore_Battle_Drums,,,,,ATTUNEABLE|PLACEABLE
Ranger,Secondary,Percussion Resonance 14,Selo`s Drums of the March,https://eqlwiki.com/Selo`s_Drums_of_the_March,,,,,MAGIC ITEM
Ranger,Secondary,String Resonance 10,Mandolin,https://eqlwiki.com/Mandolin,,,,Classic Era,
Ranger,Secondary,String Resonance 11,Gypsy Lute,https://eqlwiki.com/Gypsy_Lute,,,,,
Ranger,Secondary,String Resonance 11,Lute of the Gypsy Princess,https://eqlwiki.com/Lute_of_the_Gypsy_Princess,,,,,ATTUNABLE|PLACEABLE
Ranger,Secondary,Wind Resonance 10,Minotaur Horn,https://eqlwiki.com/Minotaur_Horn,,,,Classic Era,
Ranger,Shoulders,Tavee's Charm of Diuturnity,Summoned: Tavee's Leather Mantle,https://eqlwiki.com/Summoned:_Tavee's_Leather_Mantle,6,10,10,Classic Era,MAGIC ITEM|TEMPORARY|EQUIPPED|LORE
Ranger,Shoulders,Tavee's Greater Diuturnity,Summoned: Tavee's Silken Mantle,https://eqlwiki.com/Summoned:_Tavee's_Silken_Mantle,9,20,20,Kunark Era,MAGIC ITEM|TEMPORARY|EQUIPPED|LORE
Ranger,Shoulders,Tavee's Lesser Diuturnity,Summoned: Tavee's Linen Mantle,https://eqlwiki.com/Summoned:_Tavee's_Linen_Mantle,3,5,5,Classic Era,MAGIC ITEM|TEMPORARY|EQUIPPED|LORE
Ranger,Shoulders,Tavee's Superior Diuturnity,Summoned: Tavee's Runed Mantle,https://eqlwiki.com/Summoned:_Tavee's_Runed_Mantle,9,20,20,Velious Era,MAGIC ITEM|TEMPORARY|EQUIPPED|LORE
Ranger,Waist,Burning Affliction II,Reed Belt,https://eqlwiki.com/Reed_Belt,6,10,,Classic Era,MAGIC ITEM
Ranger,Waist,Extended Enhancement II,Drakescale Belt,https://eqlwiki.com/Drakescale_Belt,5,,,Classic Era,
Ranger,Waist,Summoning Haste III,Brell's Girdle,https://eqlwiki.com/Brell's_Girdle,10,,50,Classic Era,MAGIC ITEM|LORE ITEM
Ranger,Wrist,Affliction Efficiency I,Polished Bone Bracelet,https://eqlwiki.com/Polished_Bone_Bracelet,2,,,Classic Era,MAGIC ITEM
Ranger,Wrist,Affliction Efficiency II,Chipped Bone Bracelet,https://eqlwiki.com/Chipped_Bone_Bracelet,4,,,Classic Era,MAGIC ITEM
Ranger,Wrist,Affliction Haste I,Granite Bracer,https://eqlwiki.com/Granite_Bracer,5,,,,MAGIC ITEM
Ranger,Wrist,Burning Affliction I,Summoned: Rallican's Wooden Bracelet,https://eqlwiki.com/Summoned:_Rallican's_Wooden_Bracelet,4,5,5,Classic Era,MAGIC ITEM|TEMPORARY|EQUIPPED|LORE
Ranger,Wrist,Burning Affliction II,Serpentine Bracer,https://eqlwiki.com/Serpentine_Bracer,1,,,Classic Era,MAGIC ITEM
Ranger,Wrist,Burning Affliction II,Summoned: Rallican's Stone Bracelet,https://eqlwiki.com/Summoned:_Rallican's_Stone_Bracelet,6,10,10,Classic Era,MAGIC ITEM|TEMPORARY|EQUIPPED|LORE
Ranger,Wrist,Burning Affliction III,Summoned: Rallican's Iron Bracelet,https://eqlwiki.com/Summoned:_Rallican's_Iron_Bracelet,8,20,20,Kunark Era,MAGIC ITEM|TEMPORARY|EQUIPPED|LORE
Ranger,Wrist,Burning Affliction IV,Summoned: Rallican's Steel Bracelet,https://eqlwiki.com/Summoned:_Rallican's_Steel_Bracelet,8,20,20,Velious Era,MAGIC ITEM|TEMPORARY|EQUIPPED|LORE
Ranger,Wrist,Gallenite's Chaos,Summoned: Gallenite's Sapphire Bracelet,https://eqlwiki.com/Summoned:_Gallenite's_Sapphire_Bracelet,8,20,20,Velious Era,MAGIC ITEM|TEMPORARY|EQUIPPED|LORE
Ranger,Wrist,Gallenite's Destruction,Summoned: Gallenite's Opal Bracelet,https://eqlwiki.com/Summoned:_Gallenite's_Opal_Bracelet,6,10,10,Classic Era,MAGIC ITEM|TEMPORARY|EQUIPPED|LORE
Ranger,Wrist,Gallenite's Major Destruction,Summoned: Gallenite's Ruby Bracelet,https://eqlwiki.com/Summoned:_Gallenite's_Ruby_Bracelet,8,20,20,Kunark Era,MAGIC ITEM|TEMPORARY|EQUIPPED|LORE
Ranger,Wrist,Gallenite's Minor Destruction,Summoned: Gallenite's Jade Bracelet,https://eqlwiki.com/Summoned:_Gallenite's_Jade_Bracelet,4,5,5,Classic Era,MAGIC ITEM|TEMPORARY|EQUIPPED|LORE
Ranger,Wrist,Reagent Conservation I,Happy Love Bracers,https://eqlwiki.com/Happy_Love_Bracers,1,,,,LORE ITEM|NO DROP
Ranger,Wrist,Reagent Conservation II,Amethyst Bracelet,https://eqlwiki.com/Amethyst_Bracelet,5,15,,,MAGIC ITEM
Ranger,Wrist,Reagent Conservation III,Runed Mithril Bracer,https://eqlwiki.com/Runed_Mithril_Bracer,4,,,Classic Era,MAGIC ITEM
Ranger,Wrist,Reanimation Haste I,Ivory Bracelet,https://eqlwiki.com/Ivory_Bracelet,,,20,Classic Era,MAGIC ITEM
Ranger,Wrist,Spell Haste I,Bracelet of Woven Grass,https://eqlwiki.com/Bracelet_of_Woven_Grass,1,12,,,MAGIC ITEM
Rogue,Arms,Enhancement Haste I,Gatorscale Sleeves,https://eqlwiki.com/Gatorscale_Sleeves,6,15,,Classic Era,MAGIC ITEM
Rogue,Arms,Extended Range I,Drake-hide Sleeves,https://eqlwiki.com/Drake-hide_Sleeves,4,10,,Classic Era,MAGIC ITEM
Rogue,Arms,Improved Damage I,Azure Sleeves,https://eqlwiki.com/Azure_Sleeves,12,,,Classic Era,MAGIC ITEM
Rogue,Arms,Mana Preservation I,Platinum Armband,https://eqlwiki.com/Platinum_Armband,,,,Classic Era,MAGIC ITEM
Rogue,Back,Improved Damage I,Mammoth Hide Cloak,https://eqlwiki.com/Mammoth_Hide_Cloak,7,,,,
Rogue,Back,Improved Damage III,White Dragonscale Cloak,https://eqlwiki.com/White_Dragonscale_Cloak,10,,75,Classic Era,MAGIC ITEM
Rogue,Chest,Extended Enhancement I,Lockjaw Hide Vest,https://eqlwiki.com/Lockjaw_Hide_Vest,12,,,Classic Era,MAGIC ITEM
Rogue,Chest,Mana Preservation I,Vagrant's Tunic,https://eqlwiki.com/Vagrant's_Tunic,8,5,,Classic Era,ATTUNABLE
Rogue,Chest,Spell Haste II,Mithril-Runed Tunic,https://eqlwiki.com/Mithril-Runed_Tunic,10,,,,MAGIC ITEM
Rogue,Ear,Affliction Efficiency I,Diamondine Earring,https://eqlwiki.com/Diamondine_Earring,2,12,,Classic Era,MAGIC ITEM
Rogue,Ear,Burning Affliction I,Golden Ear Stud,https://eqlwiki.com/Golden_Ear_Stud,,,,,
Rogue,Ear,Mana Preservation I,Polished Bone Hoop,https://eqlwiki.com/Polished_Bone_Hoop,,,10,,
Rogue,Ear,Reagent Conservation I,Batskull Earring,https://eqlwiki.com/Batskull_Earring,,,,Classic Era,MAGIC ITEM
Rogue,Face,Improved Damage II,Polished Mithril Mask,https://eqlwiki.com/Polished_Mithril_Mask,5,,,,MAGIC ITEM|LORE ITEM|NO DROP
Rogue,Face,Reanimation Efficiency I,Lizardskin Tribal Mask,https://eqlwiki.com/Lizardskin_Tribal_Mask,3,,,,MAGIC ITEM
Rogue,Face,Reanimation Haste I,Carved Ivory Mask,https://eqlwiki.com/Carved_Ivory_Mask,2,10,,,MAGIC ITEM
Rogue,Feet,Burning Affliction II,Kobold-Hide Boots,https://eqlwiki.com/Kobold-Hide_Boots,5,10,,Classic Era,MAGIC ITEM
Rogue,Feet,Enhancement Haste II,Golden Efreeti Boots,https://eqlwiki.com/Golden_Efreeti_Boots,5,,,Classic Era,MAGIC ITEM
Rogue,Feet,Extended Enhancement I,Bear-hide Boots,https://eqlwiki.com/Bear-hide_Boots,5,,,,
Rogue,Feet,Spell Haste I,Wolf Fur Slippers,https://eqlwiki.com/Wolf_Fur_Slippers,2,,20,Classic Era,MAGIC ITEM
Rogue,Fingers,Affliction Haste I,Ring of Goblin Lords,https://eqlwiki.com/Ring_of_Goblin_Lords,4,,,,LORE ITEM
Rogue,Fingers,Extended Enhancement II,Clawed Knuckle-Ring,https://eqlwiki.com/Clawed_Knuckle-Ring,,20,,,MAGIC ITEM
Rogue,Fingers,Extended Range II,Moonstone Ring,https://eqlwiki.com/Moonstone_Ring,,,30,,MAGIC ITEM
Rogue,Fingers,Reanimation Efficiency II,Platinum Skull Ring,https://eqlwiki.com/Platinum_Skull_Ring,,30,20,,MAGIC ITEM
Rogue,Fingers,Spell Haste II,Djarns Amethyst Ring,https://eqlwiki.com/Djarns_Amethyst_Ring,,80,,,MAGIC ITEM|LORE ITEM
Rogue,Fingers,Summoning Efficiency I,Band of Flesh,https://eqlwiki.com/Band_of_Flesh,,,,,MAGIC ITEM
Rogue,Fingers,Summoning Haste I,Adamantite Band,https://eqlwiki.com/Adamantite_Band,,75,,Classic Era,MAGIC ITEM
Rogue,Hands,Affliction Efficiency I,Impskin Gloves,https://eqlwiki.com/Impskin_Gloves,2,,10,,MAGIC ITEM
Rogue,Hands,Improved Damage I,Lupine Claw Gauntlets,https://eqlwiki.com/Lupine_Claw_Gauntlets,4,,,,MAGIC ITEM
Rogue,Head,Burning Affliction II,Siryn Hair Hood,https://eqlwiki.com/Siryn_Hair_Hood,5,,,,MAGIC ITEM
Rogue,Head,Enhancement Haste I,Cat Skull Cap,https://eqlwiki.com/Cat_Skull_Cap,4,,,Classic Era,MAGIC ITEM|LORE ITEM|NO DROP
Rogue,Head,Extended Enhancement I,Shazda Turban,https://eqlwiki.com/Shazda_Turban,,,,,MAGIC ITEM|LORE ITEM
Rogue,Head,Extended Enhancement II,Batfang Headband,https://eqlwiki.com/Batfang_Headband,2,,,Classic Era,MAGIC ITEM
Rogue,Head,Improved Healing I,Turtleshell Helm,https://eqlwiki.com/Turtleshell_Helm,5,,,,MAGIC ITEM
Rogue,Head,Mana Preservation II,Mane Attraction,https://eqlwiki.com/Mane_Attraction,4,,,,LORE ITEM|NO DROP
Rogue,Head,Reagent Conservation II,Crown of Leaves,https://eqlwiki.com/Crown_of_Leaves,1,,,,
Rogue,Head,Reagent Conservation II,Fine Silk Turban,https://eqlwiki.com/Fine_Silk_Turban,10,,,,MAGIC ITEM
Rogue,Head,Reagent Conservation II,Savant's Cap,https://eqlwiki.com/Savant's_Cap,2,,,,MAGIC ITEM
Rogue,Legs,Reagent Conservation I,Drake-hide Leggings,https://eqlwiki.com/Drake-hide_Leggings,5,,,,MAGIC ITEM
Rogue,Neck,Affliction Efficiency II,White Gold Necklace,https://eqlwiki.com/White_Gold_Necklace,,,,,MAGIC ITEM
Rogue,Neck,Affliction Haste II,Chrysoberyl Talisman,https://eqlwiki.com/Chrysoberyl_Talisman,5,,20,,MAGIC ITEM|LORE ITEM
Rogue,Neck,Burning Affliction I,Allize Volew Medicine Bag,https://eqlwiki.com/Allize_Volew_Medicine_Bag,,,,,MAGIC ITEM|LORE ITEM
Rogue,Neck,Burning Affliction I,Aviak Charm,https://eqlwiki.com/Aviak_Charm,,,,,MAGIC ITEM|LORE ITEM|NO DROP
Rogue,Neck,Extended Range I,An Elven Charm Necklace,https://eqlwiki.com/An_Elven_Charm_Necklace,,,,Classic Era,LORE ITEM
Rogue,Neck,Extended Range I,Elven Charm Necklace,https://eqlwiki.com/Elven_Charm_Necklace,,,,Classic Era,
Rogue,Neck,Extended Range I,Glowing Bone Collar,https://eqlwiki.com/Glowing_Bone_Collar,5,25,25,Classic Era,MAGIC ITEM|LORE ITEM
Rogue,Neck,Mana Preservation II,Black Alloy Medallion,https://eqlwiki.com/Black_Alloy_Medallion,6,,,Classic Era,MAGIC ITEM
Rogue,Neck,Spell Haste I,Beaded Slime Necklace,https://eqlwiki.com/Beaded_Slime_Necklace,,,,,
Rogue,Primary,Brass Resonance 14,McVaxius` Horn of War,https://eqlwiki.com/McVaxius`_Horn_of_War,,,,,MAGIC ITEM|LORE ITEM
Rogue,Primary,Improved Healing III,Idol of the Underking,https://eqlwiki.com/Idol_of_the_Underking,,20,20,Classic Era,MAGIC ITEM|LORE ITEM
Rogue,Primary,Percussion Resonance 11,Mistmoore Battle Drums,https://eqlwiki.com/Mistmoore_Battle_Drums,,,,,ATTUNEABLE|PLACEABLE
Rogue,Primary,Percussion Resonance 14,Selo`s Drums of the March,https://eqlwiki.com/Selo`s_Drums_of_the_March,,,,,MAGIC ITEM
Rogue,Primary,String Resonance 11,Gypsy Lute,https://eqlwiki.com/Gypsy_Lute,,,,,
Rogue,Primary,String Resonance 11,Lute of the Gypsy Princess,https://eqlwiki.com/Lute_of_the_Gypsy_Princess,,,,,ATTUNABLE|PLACEABLE
Rogue,Primary,Wind Resonance 10,Minotaur Horn,https://eqlwiki.com/Minotaur_Horn,,,,Classic Era,
Rogue,Range,Improved Healing III,Idol of the Underking,https://eqlwiki.com/Idol_of_the_Underking,,20,20,Classic Era,MAGIC ITEM|LORE ITEM
Rogue,Secondary,Brass Resonance 14,McVaxius` Horn of War,https://eqlwiki.com/McVaxius`_Horn_of_War,,,,,MAGIC ITEM|LORE ITEM
Rogue,Secondary,Brass Resonance 8,Alluring Horn,https://eqlwiki.com/Alluring_Horn,,,,EpicQuests Era,MAGIC ITEM|LORE ITEM|NO DROP
Rogue,Secondary,Improved Damage I,Spiked Buckler,https://eqlwiki.com/Spiked_Buckler,10,,,Classic Era,
Rogue,Secondary,Improved Healing III,Idol of the Underking,https://eqlwiki.com/Idol_of_the_Underking,,20,20,Classic Era,MAGIC ITEM|LORE ITEM
Rogue,Secondary,Mana Preservation I,Testament of Vanear,https://eqlwiki.com/Testament_of_Vanear,,,10,,MAGIC ITEM|LORE ITEM|NO DROP
Rogue,Secondary,Percussion Resonance 11,Mistmoore Battle Drums,https://eqlwiki.com/Mistmoore_Battle_Drums,,,,,ATTUNEABLE|PLACEABLE
Rogue,Secondary,Percussion Resonance 14,Selo`s Drums of the March,https://eqlwiki.com/Selo`s_Drums_of_the_March,,,,,MAGIC ITEM
Rogue,Secondary,String Resonance 10,Mandolin,https://eqlwiki.com/Mandolin,,,,Classic Era,
Rogue,Secondary,String Resonance 11,Gypsy Lute,https://eqlwiki.com/Gypsy_Lute,,,,,
Rogue,Secondary,String Resonance 11,Lute of the Gypsy Princess,https://eqlwiki.com/Lute_of_the_Gypsy_Princess,,,,,ATTUNABLE|PLACEABLE
Rogue,Secondary,Wind Resonance 10,Minotaur Horn,https://eqlwiki.com/Minotaur_Horn,,,,Classic Era,
Rogue,Waist,Burning Affliction II,Reed Belt,https://eqlwiki.com/Reed_Belt,6,10,,Classic Era,MAGIC ITEM
Rogue,Waist,Extended Enhancement II,Drakescale Belt,https://eqlwiki.com/Drakescale_Belt,5,,,Classic Era,
Rogue,Waist,Summoning Haste III,Brell's Girdle,https://eqlwiki.com/Brell's_Girdle,10,,50,Classic Era,MAGIC ITEM|LORE ITEM
Rogue,Wrist,Affliction Efficiency I,Polished Bone Bracelet,https://eqlwiki.com/Polished_Bone_Bracelet,2,,,Classic Era,MAGIC ITEM
Rogue,Wrist,Affliction Efficiency II,Chipped Bone Bracelet,https://eqlwiki.com/Chipped_Bone_Bracelet,4,,,Classic Era,MAGIC ITEM
Rogue,Wrist,Affliction Haste I,Granite Bracer,https://eqlwiki.com/Granite_Bracer,5,,,,MAGIC ITEM
Rogue,Wrist,Burning Affliction II,Serpentine Bracer,https://eqlwiki.com/Serpentine_Bracer,1,,,Classic Era,MAGIC ITEM
Rogue,Wrist,Reagent Conservation I,Happy Love Bracers,https://eqlwiki.com/Happy_Love_Bracers,1,,,,LORE ITEM|NO DROP
Rogue,Wrist,Reagent Conservation II,Amethyst Bracelet,https://eqlwiki.com/Amethyst_Bracelet,5,15,,,MAGIC ITEM
Rogue,Wrist,Reagent Conservation III,Runed Mithril Bracer,https://eqlwiki.com/Runed_Mithril_Bracer,4,,,Classic Era,MAGIC ITEM
Rogue,Wrist,Reanimation Haste I,Ivory Bracelet,https://eqlwiki.com/Ivory_Bracelet,,,20,Classic Era,MAGIC ITEM
Rogue,Wrist,Spell Haste I,Bracelet of Woven Grass,https://eqlwiki.com/Bracelet_of_Woven_Grass,1,12,,,MAGIC ITEM
Shadow Knight,Arms,Enhancement Haste I,Gatorscale Sleeves,https://eqlwiki.com/Gatorscale_Sleeves,6,15,,Classic Era,MAGIC ITEM
Shadow Knight,Arms,Extended Range I,Drake-hide Sleeves,https://eqlwiki.com/Drake-hide_Sleeves,4,10,,Classic Era,MAGIC ITEM
Shadow Knight,Arms,Improved Damage I,Azure Sleeves,https://eqlwiki.com/Azure_Sleeves,12,,,Classic Era,MAGIC ITEM
Shadow Knight,Arms,Mana Preservation I,Platinum Armband,https://eqlwiki.com/Platinum_Armband,,,,Classic Era,MAGIC ITEM
Shadow Knight,Back,Improved Damage I,Mammoth Hide Cloak,https://eqlwiki.com/Mammoth_Hide_Cloak,7,,,,
Shadow Knight,Back,Improved Damage III,White Dragonscale Cloak,https://eqlwiki.com/White_Dragonscale_Cloak,10,,75,Classic Era,MAGIC ITEM
Shadow Knight,Chest,Extended Enhancement I,Lockjaw Hide Vest,https://eqlwiki.com/Lockjaw_Hide_Vest,12,,,Classic Era,MAGIC ITEM
Shadow Knight,Chest,Mana Preservation I,Vagrant's Tunic,https://eqlwiki.com/Vagrant's_Tunic,8,5,,Classic Era,ATTUNABLE
Shadow Knight,Chest,Spell Haste II,Mithril-Runed Tunic,https://eqlwiki.com/Mithril-Runed_Tunic,10,,,,MAGIC ITEM
Shadow Knight,Ear,Affliction Efficiency I,Diamondine Earring,https://eqlwiki.com/Diamondine_Earring,2,12,,Classic Era,MAGIC ITEM
Shadow Knight,Ear,Burning Affliction I,Golden Ear Stud,https://eqlwiki.com/Golden_Ear_Stud,,,,,
Shadow Knight,Ear,Jolum's Abatement,Summoned: Jolum's Shiny Bauble,https://eqlwiki.com/Summoned:_Jolum's_Shiny_Bauble,4,10,10,Classic Era,MAGIC ITEM|TEMPORARY|EQUIPPED|LORE
Shadow Knight,Ear,Jolum's Major Abatement,Summoned: Jolum's Brilliant Bauble,https://eqlwiki.com/Summoned:_Jolum's_Brilliant_Bauble,6,20,20,Classic Era,MAGIC ITEM|TEMPORARY|EQUIPPED|LORE
Shadow Knight,Ear,Jolum's Minor Abatement,Summoned: Jolum's Tarnished Bauble,https://eqlwiki.com/Summoned:_Jolum's_Tarnished_Bauble,2,5,5,Classic Era,MAGIC ITEM|TEMPORARY|EQUIPPED|LORE
Shadow Knight,Ear,Jolum's Superior Abatement,Summoned: Jolum's Glowing Bauble,https://eqlwiki.com/Summoned:_Jolum's_Glowing_Bauble,6,20,20,Velious Era,MAGIC ITEM|TEMPORARY|EQUIPPED|LORE
Shadow Knight,Ear,Mana Preservation I,Polished Bone Hoop,https://eqlwiki.com/Polished_Bone_Hoop,,,10,,
Shadow Knight,Ear,Reagent Conservation I,Batskull Earring,https://eqlwiki.com/Batskull_Earring,,,,Classic Era,MAGIC ITEM
Shadow Knight,Face,Improved Damage II,Polished Mithril Mask,https://eqlwiki.com/Polished_Mithril_Mask,5,,,,MAGIC ITEM|LORE ITEM|NO DROP
Shadow Knight,Face,Improved Healing I,Emissary Mask,https://eqlwiki.com/Emissary_Mask,4,,,Classic Era,ATTUNABLE
Shadow Knight,Face,Reanimation Efficiency I,Lizardskin Tribal Mask,https://eqlwiki.com/Lizardskin_Tribal_Mask,3,,,,MAGIC ITEM
Shadow Knight,Face,Reanimation Haste I,Carved Ivory Mask,https://eqlwiki.com/Carved_Ivory_Mask,2,10,,,MAGIC ITEM
Shadow Knight,Feet,Burning Affliction II,Kobold-Hide Boots,https://eqlwiki.com/Kobold-Hide_Boots,5,10,,Classic Era,MAGIC ITEM
Shadow Knight,Feet,Enhancement Haste II,Golden Efreeti Boots,https://eqlwiki.com/Golden_Efreeti_Boots,5,,,Classic Era,MAGIC ITEM
Shadow Knight,Feet,Extended Enhancement I,Bear-hide Boots,https://eqlwiki.com/Bear-hide_Boots,5,,,,
Shadow Knight,Feet,Spell Haste I,Wolf Fur Slippers,https://eqlwiki.com/Wolf_Fur_Slippers,2,,20,Classic Era,MAGIC ITEM
Shadow Knight,Fingers,Affliction Haste I,Ring of Goblin Lords,https://eqlwiki.com/Ring_of_Goblin_Lords,4,,,,LORE ITEM
Shadow Knight,Fingers,Extended Enhancement II,Clawed Knuckle-Ring,https://eqlwiki.com/Clawed_Knuckle-Ring,,20,,,MAGIC ITEM
Shadow Knight,Fingers,Extended Range II,Moonstone Ring,https://eqlwiki.com/Moonstone_Ring,,,30,,MAGIC ITEM
Shadow Knight,Fingers,Naki's Charm of Pernicity,Summoned: Naki's Twisted Ring,https://eqlwiki.com/Summoned:_Naki's_Twisted_Ring,4,10,10,Classic Era,MAGIC ITEM|TEMPORARY|EQUIPPED|LORE
Shadow Knight,Fingers,Naki's Greater Pernicity,Summoned: Naki's Studded Ring,https://eqlwiki.com/Summoned:_Naki's_Studded_Ring,6,20,20,Kunark Era,MAGIC ITEM|TEMPORARY|EQUIPPED|LORE
Shadow Knight,Fingers,Naki's Lesser Pernicity,Summoned: Naki's Tiny Ring,https://eqlwiki.com/Summoned:_Naki's_Tiny_Ring,2,5,5,Classic Era,MAGIC ITEM|TEMPORARY|EQUIPPED|LORE
Shadow Knight,Fingers,Naki's Superior Pernicity,Summoned: Naki's Spiked Ring,https://eqlwiki.com/Summoned:_Naki's_Spiked_Ring,6,20,20,Velious Era,MAGIC ITEM|TEMPORARY|EQUIPPED|LORE
Shadow Knight,Fingers,Reanimation Efficiency II,Platinum Skull Ring,https://eqlwiki.com/Platinum_Skull_Ring,,30,20,,MAGIC ITEM
Shadow Knight,Fingers,Spell Haste II,Djarns Amethyst Ring,https://eqlwiki.com/Djarns_Amethyst_Ring,,80,,,MAGIC ITEM|LORE ITEM
Shadow Knight,Fingers,Summoning Efficiency I,Band of Flesh,https://eqlwiki.com/Band_of_Flesh,,,,,MAGIC ITEM
Shadow Knight,Fingers,Summoning Haste I,Adamantite Band,https://eqlwiki.com/Adamantite_Band,,75,,Classic Era,MAGIC ITEM
Shadow Knight,Hands,Affliction Efficiency I,Impskin Gloves,https://eqlwiki.com/Impskin_Gloves,2,,10,,MAGIC ITEM
Shadow Knight,Hands,Improved Damage I,Lupine Claw Gauntlets,https://eqlwiki.com/Lupine_Claw_Gauntlets,4,,,,MAGIC ITEM
Shadow Knight,Head,Burning Affliction II,Siryn Hair Hood,https://eqlwiki.com/Siryn_Hair_Hood,5,,,,MAGIC ITEM
Shadow Knight,Head,Enhancement Haste I,Cat Skull Cap,https://eqlwiki.com/Cat_Skull_Cap,4,,,Classic Era,MAGIC ITEM|LORE ITEM|NO DROP
Shadow Knight,Head,Enhancement Haste I,Etched Iron Helm,https://eqlwiki.com/Etched_Iron_Helm,11,,,Classic Era,
Shadow Knight,Head,Extended Enhancement I,Shazda Turban,https://eqlwiki.com/Shazda_Turban,,,,,MAGIC ITEM|LORE ITEM
Shadow Knight,Head,Extended Enhancement II,Batfang Headband,https://eqlwiki.com/Batfang_Headband,2,,,Classic Era,MAGIC ITEM
Shadow Knight,Head,Improved Healing I,Turtleshell Helm,https://eqlwiki.com/Turtleshell_Helm,5,,,,MAGIC ITEM
Shadow Knight,Head,Mana Preservation I,Wicked Sallet,https://eqlwiki.com/Wicked_Sallet,10,,,Classic Era,
Shadow Knight,Head,Mana Preservation II,Mane Attraction,https://eqlwiki.com/Mane_Attraction,4,,,,LORE ITEM|NO DROP
Shadow Knight,Head,Reagent Conservation II,Crown of Leaves,https://eqlwiki.com/Crown_of_Leaves,1,,,,
Shadow Knight,Head,Reagent Conservation II,Fine Silk Turban,https://eqlwiki.com/Fine_Silk_Turban,10,,,,MAGIC ITEM
Shadow Knight,Head,Reagent Conservation II,Savant's Cap,https://eqlwiki.com/Savant's_Cap,2,,,,MAGIC ITEM
Shadow Knight,Legs,Reagent Conservation I,Drake-hide Leggings,https://eqlwiki.com/Drake-hide_Leggings,5,,,,MAGIC ITEM
Shadow Knight,Neck,Affliction Efficiency II,White Gold Necklace,https://eqlwiki.com/White_Gold_Necklace,,,,,MAGIC ITEM
Shadow Knight,Neck,Affliction Haste II,Chrysoberyl Talisman,https://eqlwiki.com/Chrysoberyl_Talisman,5,,20,,MAGIC ITEM|LORE ITEM
Shadow Knight,Neck,Burning Affliction I,Allize Volew Medicine Bag,https://eqlwiki.com/Allize_Volew_Medicine_Bag,,,,,MAGIC ITEM|LORE ITEM
Shadow Knight,Neck,Burning Affliction I,Aviak Charm,https://eqlwiki.com/Aviak_Charm,,,,,MAGIC ITEM|LORE ITEM|NO DROP
Shadow Knight,Neck,Extended Range I,An Elven Charm Necklace,https://eqlwiki.com/An_Elven_Charm_Necklace,,,,Classic Era,LORE ITEM
Shadow Knight,Neck,Extended Range I,Elven Charm Necklace,https://eqlwiki.com/Elven_Charm_Necklace,,,,Classic Era,
Shadow Knight,Neck,Extended Range I,Glowing Bone Collar,https://eqlwiki.com/Glowing_Bone_Collar,5,25,25,Classic Era,MAGIC ITEM|LORE ITEM
Shadow Knight,Neck,Jedah's Conservation,Summoned: Jedah's Silver Choker,https://eqlwiki.com/Summoned:_Jedah's_Silver_Choker,5,10,10,,MAGIC ITEM|TEMPORARY|EQUIPPED|LORE
Shadow Knight,Neck,Jedah's Greater Conservation,Summoned: Jedah's Golden Choker,https://eqlwiki.com/Summoned:_Jedah's_Golden_Choker,8,20,20,,MAGIC ITEM|TEMPORARY|EQUIPPED|LORE
Shadow Knight,Neck,Jedah's Lesser Conservation,Summoned: Jedah's Brass Choker,https://eqlwiki.com/Summoned:_Jedah's_Brass_Choker,2,5,5,,MAGIC ITEM|TEMPORARY|EQUIPPED|LORE
Shadow Knight,Neck,Jedah's Superior Conservation,Summoned: Jedah's Platinum Choker,https://eqlwiki.com/Summoned:_Jedah's_Platinum_Choker,8,20,20,Velious Era,MAGIC ITEM|TEMPORARY|EQUIPPED|LORE
Shadow Knight,Neck,Mana Preservation II,Black Alloy Medallion,https://eqlwiki.com/Black_Alloy_Medallion,6,,,Classic Era,MAGIC ITEM
Shadow Knight,Neck,Spell Haste I,Beaded Slime Necklace,https://eqlwiki.com/Beaded_Slime_Necklace,,,,,
Shadow Knight,Primary,Brass Resonance 14,McVaxius` Horn of War,https://eqlwiki.com/McVaxius`_Horn_of_War,,,,,MAGIC ITEM|LORE ITEM
Shadow Knight,Primary,Improved Healing III,Idol of the Underking,https://eqlwiki.com/Idol_of_the_Underking,,20,20,Classic Era,MAGIC ITEM|LORE ITEM
Shadow Knight,Primary,Percussion Resonance 11,Mistmoore Battle Drums,https://eqlwiki.com/Mistmoore_Battle_Drums,,,,,ATTUNEABLE|PLACEABLE
Shadow Knight,Primary,Percussion Resonance 14,Selo`s Drums of the March,https://eqlwiki.com/Selo`s_Drums_of_the_March,,,,,MAGIC ITEM
Shadow Knight,Primary,String Resonance 11,Gypsy Lute,https://eqlwiki.com/Gypsy_Lute,,,,,
Shadow Knight,Primary,String Resonance 11,Lute of the Gypsy Princess,https://eqlwiki.com/Lute_of_the_Gypsy_Princess,,,,,ATTUNABLE|PLACEABLE
Shadow Knight,Primary,Wind Resonance 10,Minotaur Horn,https://eqlwiki.com/Minotaur_Horn,,,,Classic Era,
Shadow Knight,Range,Improved Healing III,Idol of the Underking,https://eqlwiki.com/Idol_of_the_Underking,,20,20,Classic Era,MAGIC ITEM|LORE ITEM
Shadow Knight,Secondary,Brass Resonance 14,McVaxius` Horn of War,https://eqlwiki.com/McVaxius`_Horn_of_War,,,,,MAGIC ITEM|LORE ITEM
Shadow Knight,Secondary,Brass Resonance 8,Alluring Horn,https://eqlwiki.com/Alluring_Horn,,,,EpicQuests Era,MAGIC ITEM|LORE ITEM|NO DROP
Shadow Knight,Secondary,Improved Damage I,Spiked Buckler,https://eqlwiki.com/Spiked_Buckler,10,,,Classic Era,
Shadow Knight,Secondary,Improved Healing III,Idol of the Underking,https://eqlwiki.com/Idol_of_the_Underking,,20,20,Classic Era,MAGIC ITEM|LORE ITEM
Shadow Knight,Secondary,Mana Preservation I,Testament of Vanear,https://eqlwiki.com/Testament_of_Vanear,,,10,,MAGIC ITEM|LORE ITEM|NO DROP
Shadow Knight,Secondary,Percussion Resonance 11,Mistmoore Battle Drums,https://eqlwiki.com/Mistmoore_Battle_Drums,,,,,ATTUNEABLE|PLACEABLE
Shadow Knight,Secondary,Percussion Resonance 14,Selo`s Drums of the March,https://eqlwiki.com/Selo`s_Drums_of_the_March,,,,,MAGIC ITEM
Shadow Knight,Secondary,String Resonance 10,Mandolin,https://eqlwiki.com/Mandolin,,,,Classic Era,
Shadow Knight,Secondary,String Resonance 11,Gypsy Lute,https://eqlwiki.com/Gypsy_Lute,,,,,
Shadow Knight,Secondary,String Resonance 11,Lute of the Gypsy Princess,https://eqlwiki.com/Lute_of_the_Gypsy_Princess,,,,,ATTUNABLE|PLACEABLE
Shadow Knight,Secondary,Wind Resonance 10,Minotaur Horn,https://eqlwiki.com/Minotaur_Horn,,,,Classic Era,
Shadow Knight,Shoulders,Tavee's Charm of Diuturnity,Summoned: Tavee's Leather Mantle,https://eqlwiki.com/Summoned:_Tavee's_Leather_Mantle,6,10,10,Classic Era,MAGIC ITEM|TEMPORARY|EQUIPPED|LORE
Shadow Knight,Shoulders,Tavee's Greater Diuturnity,Summoned: Tavee's Silken Mantle,https://eqlwiki.com/Summoned:_Tavee's_Silken_Mantle,9,20,20,Kunark Era,MAGIC ITEM|TEMPORARY|EQUIPPED|LORE
Shadow Knight,Shoulders,Tavee's Lesser Diuturnity,Summoned: Tavee's Linen Mantle,https://eqlwiki.com/Summoned:_Tavee's_Linen_Mantle,3,5,5,Classic Era,MAGIC ITEM|TEMPORARY|EQUIPPED|LORE
Shadow Knight,Shoulders,Tavee's Superior Diuturnity,Summoned: Tavee's Runed Mantle,https://eqlwiki.com/Summoned:_Tavee's_Runed_Mantle,9,20,20,Velious Era,MAGIC ITEM|TEMPORARY|EQUIPPED|LORE
Shadow Knight,Waist,Burning Affliction II,Reed Belt,https://eqlwiki.com/Reed_Belt,6,10,,Classic Era,MAGIC ITEM
Shadow Knight,Waist,Extended Enhancement II,Drakescale Belt,https://eqlwiki.com/Drakescale_Belt,5,,,Classic Era,
Shadow Knight,Waist,Summoning Haste III,Brell's Girdle,https://eqlwiki.com/Brell's_Girdle,10,,50,Classic Era,MAGIC ITEM|LORE ITEM
Shadow Knight,Wrist,Affliction Efficiency I,Polished Bone Bracelet,https://eqlwiki.com/Polished_Bone_Bracelet,2,,,Classic Era,MAGIC ITEM
Shadow Knight,Wrist,Affliction Efficiency II,Chipped Bone Bracelet,https://eqlwiki.com/Chipped_Bone_Bracelet,4,,,Classic Era,MAGIC ITEM
Shadow Knight,Wrist,Affliction Haste I,Granite Bracer,https://eqlwiki.com/Granite_Bracer,5,,,,MAGIC ITEM
Shadow Knight,Wrist,Burning Affliction I,Summoned: Rallican's Wooden Bracelet,https://eqlwiki.com/Summoned:_Rallican's_Wooden_Bracelet,4,5,5,Classic Era,MAGIC ITEM|TEMPORARY|EQUIPPED|LORE
Shadow Knight,Wrist,Burning Affliction II,Serpentine Bracer,https://eqlwiki.com/Serpentine_Bracer,1,,,Classic Era,MAGIC ITEM
Shadow Knight,Wrist,Burning Affliction II,Summoned: Rallican's Stone Bracelet,https://eqlwiki.com/Summoned:_Rallican's_Stone_Bracelet,6,10,10,Classic Era,MAGIC ITEM|TEMPORARY|EQUIPPED|LORE
Shadow Knight,Wrist,Burning Affliction III,Summoned: Rallican's Iron Bracelet,https://eqlwiki.com/Summoned:_Rallican's_Iron_Bracelet,8,20,20,Kunark Era,MAGIC ITEM|TEMPORARY|EQUIPPED|LORE
Shadow Knight,Wrist,Burning Affliction IV,Summoned: Rallican's Steel Bracelet,https://eqlwiki.com/Summoned:_Rallican's_Steel_Bracelet,8,20,20,Velious Era,MAGIC ITEM|TEMPORARY|EQUIPPED|LORE
Shadow Knight,Wrist,Gallenite's Chaos,Summoned: Gallenite's Sapphire Bracelet,https://eqlwiki.com/Summoned:_Gallenite's_Sapphire_Bracelet,8,20,20,Velious Era,MAGIC ITEM|TEMPORARY|EQUIPPED|LORE
Shadow Knight,Wrist,Gallenite's Destruction,Summoned: Gallenite's Opal Bracelet,https://eqlwiki.com/Summoned:_Gallenite's_Opal_Bracelet,6,10,10,Classic Era,MAGIC ITEM|TEMPORARY|EQUIPPED|LORE
Shadow Knight,Wrist,Gallenite's Major Destruction,Summoned: Gallenite's Ruby Bracelet,https://eqlwiki.com/Summoned:_Gallenite's_Ruby_Bracelet,8,20,20,Kunark Era,MAGIC ITEM|TEMPORARY|EQUIPPED|LORE
Shadow Knight,Wrist,Gallenite's Minor Destruction,Summoned: Gallenite's Jade Bracelet,https://eqlwiki.com/Summoned:_Gallenite's_Jade_Bracelet,4,5,5,Classic Era,MAGIC ITEM|TEMPORARY|EQUIPPED|LORE
Shadow Knight,Wrist,Reagent Conservation I,Happy Love Bracers,https://eqlwiki.com/Happy_Love_Bracers,1,,,,LORE ITEM|NO DROP
Shadow Knight,Wrist,Reagent Conservation II,Amethyst Bracelet,https://eqlwiki.com/Amethyst_Bracelet,5,15,,,MAGIC ITEM
Shadow Knight,Wrist,Reagent Conservation III,Runed Mithril Bracer,https://eqlwiki.com/Runed_Mithril_Bracer,4,,,Classic Era,MAGIC ITEM
Shadow Knight,Wrist,Reanimation Haste I,Ivory Bracelet,https://eqlwiki.com/Ivory_Bracelet,,,20,Classic Era,MAGIC ITEM
Shadow Knight,Wrist,Spell Haste I,Bracelet of Woven Grass,https://eqlwiki.com/Bracelet_of_Woven_Grass,1,12,,,MAGIC ITEM
Shaman,Arms,Burning Affliction I,Hollowed Bone Bracers,https://eqlwiki.com/Hollowed_Bone_Bracers,6,,15,Classic Era,MAGIC ITEM
Shaman,Arms,Enhancement Haste I,Gatorscale Sleeves,https://eqlwiki.com/Gatorscale_Sleeves,6,15,,Classic Era,MAGIC ITEM
Shaman,Arms,Extended Range I,Drake-hide Sleeves,https://eqlwiki.com/Drake-hide_Sleeves,4,10,,Classic Era,MAGIC ITEM
Shaman,Arms,Improved Damage I,Azure Sleeves,https://eqlwiki.com/Azure_Sleeves,12,,,Classic Era,MAGIC ITEM
Shaman,Arms,Mana Preservation I,Platinum Armband,https://eqlwiki.com/Platinum_Armband,,,,Classic Era,MAGIC ITEM
Shaman,Arms,Summoning Efficiency II,Embroidered Black Sleeves,https://eqlwiki.com/Embroidered_Black_Sleeves,4,10,25,,MAGIC ITEM
Shaman,Back,Improved Damage I,Mammoth Hide Cloak,https://eqlwiki.com/Mammoth_Hide_Cloak,7,,,,
Shaman,Back,Improved Damage III,White Dragonscale Cloak,https://eqlwiki.com/White_Dragonscale_Cloak,10,,75,Classic Era,MAGIC ITEM
Shaman,Chest,Extended Enhancement I,Lockjaw Hide Vest,https://eqlwiki.com/Lockjaw_Hide_Vest,12,,,Classic Era,MAGIC ITEM
Shaman,Chest,Extended Enhancement II,Totemic Breastplate,https://eqlwiki.com/Totemic_Breastplate,19,,,,MAGIC ITEM|LORE ITEM
Shaman,Chest,Mana Preservation I,Vagrant's Tunic,https://eqlwiki.com/Vagrant's_Tunic,8,5,,Classic Era,ATTUNABLE
Shaman,Chest,Spell Haste II,Mithril-Runed Tunic,https://eqlwiki.com/Mithril-Runed_Tunic,10,,,,MAGIC ITEM
Shaman,Ear,Affliction Efficiency I,Diamondine Earring,https://eqlwiki.com/Diamondine_Earring,2,12,,Classic Era,MAGIC ITEM
Shaman,Ear,Burning Affliction I,Golden Ear Stud,https://eqlwiki.com/Golden_Ear_Stud,,,,,
Shaman,Ear,Jolum's Abatement,Summoned: Jolum's Shiny Bauble,https://eqlwiki.com/Summoned:_Jolum's_Shiny_Bauble,4,10,10,Classic Era,MAGIC ITEM|TEMPORARY|EQUIPPED|LORE
Shaman,Ear,Jolum's Major Abatement,Summoned: Jolum's Brilliant Bauble,https://eqlwiki.com/Summoned:_Jolum's_Brilliant_Bauble,6,20,20,Classic Era,MAGIC ITEM|TEMPORARY|EQUIPPED|LORE
Shaman,Ear,Jolum's Minor Abatement,Summoned: Jolum's Tarnished Bauble,https://eqlwiki.com/Summoned:_Jolum's_Tarnished_Bauble,2,5,5,Classic Era,MAGIC ITEM|TEMPORARY|EQUIPPED|LORE
Shaman,Ear,Jolum's Superior Abatement,Summoned: Jolum's Glowing Bauble,https://eqlwiki.com/Summoned:_Jolum's_Glowing_Bauble,6,20,20,Velious Era,MAGIC ITEM|TEMPORARY|EQUIPPED|LORE
Shaman,Ear,Mana Preservation I,Polished Bone Hoop,https://eqlwiki.com/Polished_Bone_Hoop,,,10,,
Shaman,Ear,Reagent Conservation I,Batskull Earring,https://eqlwiki.com/Batskull_Earring,,,,Classic Era,MAGIC ITEM
Shaman,Face,Improved Damage II,Polished Mithril Mask,https://eqlwiki.com/Polished_Mithril_Mask,5,,,,MAGIC ITEM|LORE ITEM|NO DROP
Shaman,Face,Reanimation Efficiency I,Lizardskin Tribal Mask,https://eqlwiki.com/Lizardskin_Tribal_Mask,3,,,,MAGIC ITEM
Shaman,Face,Reanimation Haste I,Carved Ivory Mask,https://eqlwiki.com/Carved_Ivory_Mask,2,10,,,MAGIC ITEM
Shaman,Feet,Burning Affliction II,Kobold-Hide Boots,https://eqlwiki.com/Kobold-Hide_Boots,5,10,,Classic Era,MAGIC ITEM
Shaman,Feet,Enhancement Haste II,Golden Efreeti Boots,https://eqlwiki.com/Golden_Efreeti_Boots,5,,,Classic Era,MAGIC ITEM
Shaman,Feet,Extended Enhancement I,Bear-hide Boots,https://eqlwiki.com/Bear-hide_Boots,5,,,,
Shaman,Feet,Spell Haste I,Wolf Fur Slippers,https://eqlwiki.com/Wolf_Fur_Slippers,2,,20,Classic Era,MAGIC ITEM
Shaman,Fingers,Affliction Haste I,Ring of Goblin Lords,https://eqlwiki.com/Ring_of_Goblin_Lords,4,,,,LORE ITEM
Shaman,Fingers,Extended Enhancement II,Clawed Knuckle-Ring,https://eqlwiki.com/Clawed_Knuckle-Ring,,20,,,MAGIC ITEM
Shaman,Fingers,Extended Range II,Moonstone Ring,https://eqlwiki.com/Moonstone_Ring,,,30,,MAGIC ITEM
Shaman,Fingers,Naki's Charm of Pernicity,Summoned: Naki's Twisted Ring,https://eqlwiki.com/Summoned:_Naki's_Twisted_Ring,4,10,10,Classic Era,MAGIC ITEM|TEMPORARY|EQUIPPED|LORE
Shaman,Fingers,Naki's Greater Pernicity,Summoned: Naki's Studded Ring,https://eqlwiki.com/Summoned:_Naki's_Studded_Ring,6,20,20,Kunark Era,MAGIC ITEM|TEMPORARY|EQUIPPED|LORE
Shaman,Fingers,Naki's Lesser Pernicity,Summoned: Naki's Tiny Ring,https://eqlwiki.com/Summoned:_Naki's_Tiny_Ring,2,5,5,Classic Era,MAGIC ITEM|TEMPORARY|EQUIPPED|LORE
Shaman,Fingers,Naki's Superior Pernicity,Summoned: Naki's Spiked Ring,https://eqlwiki.com/Summoned:_Naki's_Spiked_Ring,6,20,20,Velious Era,MAGIC ITEM|TEMPORARY|EQUIPPED|LORE
Shaman,Fingers,Reanimation Efficiency II,Platinum Skull Ring,https://eqlwiki.com/Platinum_Skull_Ring,,30,20,,MAGIC ITEM
Shaman,Fingers,Spell Haste II,Djarns Amethyst Ring,https://eqlwiki.com/Djarns_Amethyst_Ring,,80,,,MAGIC ITEM|LORE ITEM
Shaman,Fingers,Summoning Efficiency I,Band of Flesh,https://eqlwiki.com/Band_of_Flesh,,,,,MAGIC ITEM
Shaman,Fingers,Summoning Haste I,Adamantite Band,https://eqlwiki.com/Adamantite_Band,,75,,Classic Era,MAGIC ITEM
Shaman,Hands,Affliction Efficiency I,Impskin Gloves,https://eqlwiki.com/Impskin_Gloves,2,,10,,MAGIC ITEM
Shaman,Hands,Improved Damage I,Lupine Claw Gauntlets,https://eqlwiki.com/Lupine_Claw_Gauntlets,4,,,,MAGIC ITEM
Shaman,Head,Burning Affliction II,Siryn Hair Hood,https://eqlwiki.com/Siryn_Hair_Hood,5,,,,MAGIC ITEM
Shaman,Head,Enhancement Haste I,Cat Skull Cap,https://eqlwiki.com/Cat_Skull_Cap,4,,,Classic Era,MAGIC ITEM|LORE ITEM|NO DROP
Shaman,Head,Enhancement Haste II,Platinum Tiara,https://eqlwiki.com/Platinum_Tiara,3,35,50,,MAGIC ITEM|LORE ITEM
Shaman,Head,Extended Enhancement I,Shazda Turban,https://eqlwiki.com/Shazda_Turban,,,,,MAGIC ITEM|LORE ITEM
Shaman,Head,Extended Enhancement II,Batfang Headband,https://eqlwiki.com/Batfang_Headband,2,,,Classic Era,MAGIC ITEM
Shaman,Head,Improved Healing I,Turtleshell Helm,https://eqlwiki.com/Turtleshell_Helm,5,,,,MAGIC ITEM
Shaman,Head,Improved Healing I,Zaharn's Coronet,https://eqlwiki.com/Zaharn's_Coronet,5,,25,,MAGIC ITEM|LORE ITEM
Shaman,Head,Mana Preservation II,Mane Attraction,https://eqlwiki.com/Mane_Attraction,4,,,,LORE ITEM|NO DROP
Shaman,Head,Reagent Conservation II,Crown of Leaves,https://eqlwiki.com/Crown_of_Leaves,1,,,,
Shaman,Head,Reagent Conservation II,Fine Silk Turban,https://eqlwiki.com/Fine_Silk_Turban,10,,,,MAGIC ITEM
Shaman,Head,Reagent Conservation II,Savant's Cap,https://eqlwiki.com/Savant's_Cap,2,,,,MAGIC ITEM
Shaman,Head,Reanimation Haste I,Nightshade Wreath,https://eqlwiki.com/Nightshade_Wreath,1,,,,MAGIC ITEM
Shaman,Legs,Reagent Conservation I,Drake-hide Leggings,https://eqlwiki.com/Drake-hide_Leggings,5,,,,MAGIC ITEM
Shaman,Neck,Affliction Efficiency II,White Gold Necklace,https://eqlwiki.com/White_Gold_Necklace,,,,,MAGIC ITEM
Shaman,Neck,Affliction Haste II,Chrysoberyl Talisman,https://eqlwiki.com/Chrysoberyl_Talisman,5,,20,,MAGIC ITEM|LORE ITEM
Shaman,Neck,Burning Affliction I,Allize Volew Medicine Bag,https://eqlwiki.com/Allize_Volew_Medicine_Bag,,,,,MAGIC ITEM|LORE ITEM
Shaman,Neck,Burning Affliction I,Aviak Charm,https://eqlwiki.com/Aviak_Charm,,,,,MAGIC ITEM|LORE ITEM|NO DROP
Shaman,Neck,Enhancement Haste I,Cape of Midnight Mist,https://eqlwiki.com/Cape_of_Midnight_Mist,2,,,Classic Era,MAGIC ITEM
Shaman,Neck,Extended Range I,An Elven Charm Necklace,https://eqlwiki.com/An_Elven_Charm_Necklace,,,,Classic Era,LORE ITEM
Shaman,Neck,Extended Range I,Elven Charm Necklace,https://eqlwiki.com/Elven_Charm_Necklace,,,,Classic Era,
Shaman,Neck,Extended Range I,Glowing Bone Collar,https://eqlwiki.com/Glowing_Bone_Collar,5,25,25,Classic Era,MAGIC ITEM|LORE ITEM
Shaman,Neck,Jedah's Conservation,Summoned: Jedah's Silver Choker,https://eqlwiki.com/Summoned:_Jedah's_Silver_Choker,5,10,10,,MAGIC ITEM|TEMPORARY|EQUIPPED|LORE
Shaman,Neck,Jedah's Greater Conservation,Summoned: Jedah's Golden Choker,https://eqlwiki.com/Summoned:_Jedah's_Golden_Choker,8,20,20,,MAGIC ITEM|TEMPORARY|EQUIPPED|LORE
Shaman,Neck,Jedah's Lesser Conservation,Summoned: Jedah's Brass Choker,https://eqlwiki.com/Summoned:_Jedah's_Brass_Choker,2,5,5,,MAGIC ITEM|TEMPORARY|EQUIPPED|LORE
Shaman,Neck,Jedah's Superior Conservation,Summoned: Jedah's Platinum Choker,https://eqlwiki.com/Summoned:_Jedah's_Platinum_Choker,8,20,20,Velious Era,MAGIC ITEM|TEMPORARY|EQUIPPED|LORE
Shaman,Neck,Mana Preservation II,Black Alloy Medallion,https://eqlwiki.com/Black_Alloy_Medallion,6,,,Classic Era,MAGIC ITEM
Shaman,Neck,Spell Haste I,Beaded Slime Necklace,https://eqlwiki.com/Beaded_Slime_Necklace,,,,,
Shaman,Primary,Brass Resonance 14,McVaxius` Horn of War,https://eqlwiki.com/McVaxius`_Horn_of_War,,,,,MAGIC ITEM|LORE ITEM
Shaman,Primary,Improved Healing III,Idol of the Underking,https://eqlwiki.com/Idol_of_the_Underking,,20,20,Classic Era,MAGIC ITEM|LORE ITEM
Shaman,Primary,Percussion Resonance 11,Mistmoore Battle Drums,https://eqlwiki.com/Mistmoore_Battle_Drums,,,,,ATTUNEABLE|PLACEABLE
Shaman,Primary,Percussion Resonance 14,Selo`s Drums of the March,https://eqlwiki.com/Selo`s_Drums_of_the_March,,,,,MAGIC ITEM
Shaman,Primary,String Resonance 11,Gypsy Lute,https://eqlwiki.com/Gypsy_Lute,,,,,
Shaman,Primary,String Resonance 11,Lute of the Gypsy Princess,https://eqlwiki.com/Lute_of_the_Gypsy_Princess,,,,,ATTUNABLE|PLACEABLE
Shaman,Primary,Wind Resonance 10,Minotaur Horn,https://eqlwiki.com/Minotaur_Horn,,,,Classic Era,
Shaman,Range,Improved Healing III,Idol of the Underking,https://eqlwiki.com/Idol_of_the_Underking,,20,20,Classic Era,MAGIC ITEM|LORE ITEM
Shaman,Secondary,Brass Resonance 14,McVaxius` Horn of War,https://eqlwiki.com/McVaxius`_Horn_of_War,,,,,MAGIC ITEM|LORE ITEM
Shaman,Secondary,Brass Resonance 8,Alluring Horn,https://eqlwiki.com/Alluring_Horn,,,,EpicQuests Era,MAGIC ITEM|LORE ITEM|NO DROP
Shaman,Secondary,Improved Damage I,Spiked Buckler,https://eqlwiki.com/Spiked_Buckler,10,,,Classic Era,
Shaman,Secondary,Improved Healing III,Idol of the Underking,https://eqlwiki.com/Idol_of_the_Underking,,20,20,Classic Era,MAGIC ITEM|LORE ITEM
Shaman,Secondary,Mana Preservation I,Testament of Vanear,https://eqlwiki.com/Testament_of_Vanear,,,10,,MAGIC ITEM|LORE ITEM|NO DROP
Shaman,Secondary,Mana Preservation II,Nisch Mas Ilkvel,https://eqlwiki.com/Nisch_Mas_Ilkvel,10,,15,Classic Era,ATTUNABLE|EQUIPPED|LORE
Shaman,Secondary,Percussion Resonance 11,Mistmoore Battle Drums,https://eqlwiki.com/Mistmoore_Battle_Drums,,,,,ATTUNEABLE|PLACEABLE
Shaman,Secondary,Percussion Resonance 14,Selo`s Drums of the March,https://eqlwiki.com/Selo`s_Drums_of_the_March,,,,,MAGIC ITEM
Shaman,Secondary,String Resonance 10,Mandolin,https://eqlwiki.com/Mandolin,,,,Classic Era,
Shaman,Secondary,String Resonance 11,Gypsy Lute,https://eqlwiki.com/Gypsy_Lute,,,,,
Shaman,Secondary,String Resonance 11,Lute of the Gypsy Princess,https://eqlwiki.com/Lute_of_the_Gypsy_Princess,,,,,ATTUNABLE|PLACEABLE
Shaman,Secondary,Wind Resonance 10,Minotaur Horn,https://eqlwiki.com/Minotaur_Horn,,,,Classic Era,
Shaman,Shoulders,Spell Haste I,Gilded Cloth,https://eqlwiki.com/Gilded_Cloth,3,,,,MAGIC ITEM
Shaman,Shoulders,Tavee's Charm of Diuturnity,Summoned: Tavee's Leather Mantle,https://eqlwiki.com/Summoned:_Tavee's_Leather_Mantle,6,10,10,Classic Era,MAGIC ITEM|TEMPORARY|EQUIPPED|LORE
Shaman,Shoulders,Tavee's Greater Diuturnity,Summoned: Tavee's Silken Mantle,https://eqlwiki.com/Summoned:_Tavee's_Silken_Mantle,9,20,20,Kunark Era,MAGIC ITEM|TEMPORARY|EQUIPPED|LORE
Shaman,Shoulders,Tavee's Lesser Diuturnity,Summoned: Tavee's Linen Mantle,https://eqlwiki.com/Summoned:_Tavee's_Linen_Mantle,3,5,5,Classic Era,MAGIC ITEM|TEMPORARY|EQUIPPED|LORE
Shaman,Shoulders,Tavee's Superior Diuturnity,Summoned: Tavee's Runed Mantle,https://eqlwiki.com/Summoned:_Tavee's_Runed_Mantle,9,20,20,Velious Era,MAGIC ITEM|TEMPORARY|EQUIPPED|LORE
Shaman,Waist,Burning Affliction II,Reed Belt,https://eqlwiki.com/Reed_Belt,6,10,,Classic Era,MAGIC ITEM
Shaman,Waist,Burning Affliction III,Bone-Clasped Girdle,https://eqlwiki.com/Bone-Clasped_Girdle,4,75,75,Classic Era,MAGIC ITEM
Shaman,Waist,Extended Enhancement II,Drakescale Belt,https://eqlwiki.com/Drakescale_Belt,5,,,Classic Era,
Shaman,Waist,Reanimation Haste III,Grotesque Girdle,https://eqlwiki.com/Grotesque_Girdle,8,100,100,FearHateRevamp Era,MAGIC ITEM|LORE ITEM|NO DROP
Shaman,Waist,Summoning Haste III,Brell's Girdle,https://eqlwiki.com/Brell's_Girdle,10,,50,Classic Era,MAGIC ITEM|LORE ITEM
Shaman,Wrist,Affliction Efficiency I,Polished Bone Bracelet,https://eqlwiki.com/Polished_Bone_Bracelet,2,,,Classic Era,MAGIC ITEM
Shaman,Wrist,Affliction Efficiency II,Chipped Bone Bracelet,https://eqlwiki.com/Chipped_Bone_Bracelet,4,,,Classic Era,MAGIC ITEM
Shaman,Wrist,Affliction Haste I,Granite Bracer,https://eqlwiki.com/Granite_Bracer,5,,,,MAGIC ITEM
Shaman,Wrist,Burning Affliction I,Summoned: Rallican's Wooden Bracelet,https://eqlwiki.com/Summoned:_Rallican's_Wooden_Bracelet,4,5,5,Classic Era,MAGIC ITEM|TEMPORARY|EQUIPPED|LORE
Shaman,Wrist,Burning Affliction II,Serpentine Bracer,https://eqlwiki.com/Serpentine_Bracer,1,,,Classic Era,MAGIC ITEM
Shaman,Wrist,Burning Affliction II,Summoned: Rallican's Stone Bracelet,https://eqlwiki.com/Summoned:_Rallican's_Stone_Bracelet,6,10,10,Classic Era,MAGIC ITEM|TEMPORARY|EQUIPPED|LORE
Shaman,Wrist,Burning Affliction III,Summoned: Rallican's Iron Bracelet,https://eqlwiki.com/Summoned:_Rallican's_Iron_Bracelet,8,20,20,Kunark Era,MAGIC ITEM|TEMPORARY|EQUIPPED|LORE
Shaman,Wrist,Burning Affliction IV,Summoned: Rallican's Steel Bracelet,https://eqlwiki.com/Summoned:_Rallican's_Steel_Bracelet,8,20,20,Velious Era,MAGIC ITEM|TEMPORARY|EQUIPPED|LORE
Shaman,Wrist,Gallenite's Chaos,Summoned: Gallenite's Sapphire Bracelet,https://eqlwiki.com/Summoned:_Gallenite's_Sapphire_Bracelet,8,20,20,Velious Era,MAGIC ITEM|TEMPORARY|EQUIPPED|LORE
Shaman,Wrist,Gallenite's Destruction,Summoned: Gallenite's Opal Bracelet,https://eqlwiki.com/Summoned:_Gallenite's_Opal_Bracelet,6,10,10,Classic Era,MAGIC ITEM|TEMPORARY|EQUIPPED|LORE
Shaman,Wrist,Gallenite's Major Destruction,Summoned: Gallenite's Ruby Bracelet,https://eqlwiki.com/Summoned:_Gallenite's_Ruby_Bracelet,8,20,20,Kunark Era,MAGIC ITEM|TEMPORARY|EQUIPPED|LORE
Shaman,Wrist,Gallenite's Minor Destruction,Summoned: Gallenite's Jade Bracelet,https://eqlwiki.com/Summoned:_Gallenite's_Jade_Bracelet,4,5,5,Classic Era,MAGIC ITEM|TEMPORARY|EQUIPPED|LORE
Shaman,Wrist,Reagent Conservation I,Happy Love Bracers,https://eqlwiki.com/Happy_Love_Bracers,1,,,,LORE ITEM|NO DROP
Shaman,Wrist,Reagent Conservation II,Amethyst Bracelet,https://eqlwiki.com/Amethyst_Bracelet,5,15,,,MAGIC ITEM
Shaman,Wrist,Reagent Conservation III,Runed Mithril Bracer,https://eqlwiki.com/Runed_Mithril_Bracer,4,,,Classic Era,MAGIC ITEM
Shaman,Wrist,Reanimation Haste I,Ivory Bracelet,https://eqlwiki.com/Ivory_Bracelet,,,20,Classic Era,MAGIC ITEM
Shaman,Wrist,Spell Haste I,Bracelet of Woven Grass,https://eqlwiki.com/Bracelet_of_Woven_Grass,1,12,,,MAGIC ITEM
Warrior,Arms,Enhancement Haste I,Gatorscale Sleeves,https://eqlwiki.com/Gatorscale_Sleeves,6,15,,Classic Era,MAGIC ITEM
Warrior,Arms,Extended Range I,Drake-hide Sleeves,https://eqlwiki.com/Drake-hide_Sleeves,4,10,,Classic Era,MAGIC ITEM
Warrior,Arms,Improved Damage I,Azure Sleeves,https://eqlwiki.com/Azure_Sleeves,12,,,Classic Era,MAGIC ITEM
Warrior,Arms,Mana Preservation I,Platinum Armband,https://eqlwiki.com/Platinum_Armband,,,,Classic Era,MAGIC ITEM
Warrior,Back,Improved Damage I,Mammoth Hide Cloak,https://eqlwiki.com/Mammoth_Hide_Cloak,7,,,,
Warrior,Back,Improved Damage III,White Dragonscale Cloak,https://eqlwiki.com/White_Dragonscale_Cloak,10,,75,Classic Era,MAGIC ITEM
Warrior,Chest,Extended Enhancement I,Lockjaw Hide Vest,https://eqlwiki.com/Lockjaw_Hide_Vest,12,,,Classic Era,MAGIC ITEM
Warrior,Chest,Mana Preservation I,Vagrant's Tunic,https://eqlwiki.com/Vagrant's_Tunic,8,5,,Classic Era,ATTUNABLE
Warrior,Chest,Spell Haste II,Mithril-Runed Tunic,https://eqlwiki.com/Mithril-Runed_Tunic,10,,,,MAGIC ITEM
Warrior,Ear,Affliction Efficiency I,Diamondine Earring,https://eqlwiki.com/Diamondine_Earring,2,12,,Classic Era,MAGIC ITEM
Warrior,Ear,Burning Affliction I,Golden Ear Stud,https://eqlwiki.com/Golden_Ear_Stud,,,,,
Warrior,Ear,Mana Preservation I,Polished Bone Hoop,https://eqlwiki.com/Polished_Bone_Hoop,,,10,,
Warrior,Ear,Reagent Conservation I,Batskull Earring,https://eqlwiki.com/Batskull_Earring,,,,Classic Era,MAGIC ITEM
Warrior,Face,Improved Damage II,Polished Mithril Mask,https://eqlwiki.com/Polished_Mithril_Mask,5,,,,MAGIC ITEM|LORE ITEM|NO DROP
Warrior,Face,Improved Healing I,Emissary Mask,https://eqlwiki.com/Emissary_Mask,4,,,Classic Era,ATTUNABLE
Warrior,Face,Reanimation Efficiency I,Lizardskin Tribal Mask,https://eqlwiki.com/Lizardskin_Tribal_Mask,3,,,,MAGIC ITEM
Warrior,Face,Reanimation Haste I,Carved Ivory Mask,https://eqlwiki.com/Carved_Ivory_Mask,2,10,,,MAGIC ITEM
Warrior,Feet,Burning Affliction II,Kobold-Hide Boots,https://eqlwiki.com/Kobold-Hide_Boots,5,10,,Classic Era,MAGIC ITEM
Warrior,Feet,Enhancement Haste II,Golden Efreeti Boots,https://eqlwiki.com/Golden_Efreeti_Boots,5,,,Classic Era,MAGIC ITEM
Warrior,Feet,Extended Enhancement I,Bear-hide Boots,https://eqlwiki.com/Bear-hide_Boots,5,,,,
Warrior,Feet,Spell Haste I,Wolf Fur Slippers,https://eqlwiki.com/Wolf_Fur_Slippers,2,,20,Classic Era,MAGIC ITEM
Warrior,Fingers,Affliction Haste I,Ring of Goblin Lords,https://eqlwiki.com/Ring_of_Goblin_Lords,4,,,,LORE ITEM
Warrior,Fingers,Extended Enhancement II,Clawed Knuckle-Ring,https://eqlwiki.com/Clawed_Knuckle-Ring,,20,,,MAGIC ITEM
Warrior,Fingers,Extended Range II,Moonstone Ring,https://eqlwiki.com/Moonstone_Ring,,,30,,MAGIC ITEM
Warrior,Fingers,Reanimation Efficiency II,Platinum Skull Ring,https://eqlwiki.com/Platinum_Skull_Ring,,30,20,,MAGIC ITEM
Warrior,Fingers,Spell Haste II,Djarns Amethyst Ring,https://eqlwiki.com/Djarns_Amethyst_Ring,,80,,,MAGIC ITEM|LORE ITEM
Warrior,Fingers,Summoning Efficiency I,Band of Flesh,https://eqlwiki.com/Band_of_Flesh,,,,,MAGIC ITEM
Warrior,Fingers,Summoning Haste I,Adamantite Band,https://eqlwiki.com/Adamantite_Band,,75,,Classic Era,MAGIC ITEM
Warrior,Hands,Affliction Efficiency I,Impskin Gloves,https://eqlwiki.com/Impskin_Gloves,2,,10,,MAGIC ITEM
Warrior,Hands,Improved Damage I,Lupine Claw Gauntlets,https://eqlwiki.com/Lupine_Claw_Gauntlets,4,,,,MAGIC ITEM
Warrior,Head,Burning Affliction II,Siryn Hair Hood,https://eqlwiki.com/Siryn_Hair_Hood,5,,,,MAGIC ITEM
Warrior,Head,Enhancement Haste I,Cat Skull Cap,https://eqlwiki.com/Cat_Skull_Cap,4,,,Classic Era,MAGIC ITEM|LORE ITEM|NO DROP
Warrior,Head,Enhancement Haste I,Etched Iron Helm,https://eqlwiki.com/Etched_Iron_Helm,11,,,Classic Era,
Warrior,Head,Extended Enhancement I,Shazda Turban,https://eqlwiki.com/Shazda_Turban,,,,,MAGIC ITEM|LORE ITEM
Warrior,Head,Extended Enhancement II,Batfang Headband,https://eqlwiki.com/Batfang_Headband,2,,,Classic Era,MAGIC ITEM
Warrior,Head,Improved Healing I,Turtleshell Helm,https://eqlwiki.com/Turtleshell_Helm,5,,,,MAGIC ITEM
Warrior,Head,Mana Preservation II,Mane Attraction,https://eqlwiki.com/Mane_Attraction,4,,,,LORE ITEM|NO DROP
Warrior,Head,Reagent Conservation II,Crown of Leaves,https://eqlwiki.com/Crown_of_Leaves,1,,,,
Warrior,Head,Reagent Conservation II,Fine Silk Turban,https://eqlwiki.com/Fine_Silk_Turban,10,,,,MAGIC ITEM
Warrior,Head,Reagent Conservation II,Savant's Cap,https://eqlwiki.com/Savant's_Cap,2,,,,MAGIC ITEM
Warrior,Legs,Reagent Conservation I,Drake-hide Leggings,https://eqlwiki.com/Drake-hide_Leggings,5,,,,MAGIC ITEM
Warrior,Neck,Affliction Efficiency II,White Gold Necklace,https://eqlwiki.com/White_Gold_Necklace,,,,,MAGIC ITEM
Warrior,Neck,Affliction Haste II,Chrysoberyl Talisman,https://eqlwiki.com/Chrysoberyl_Talisman,5,,20,,MAGIC ITEM|LORE ITEM
Warrior,Neck,Burning Affliction I,Allize Volew Medicine Bag,https://eqlwiki.com/Allize_Volew_Medicine_Bag,,,,,MAGIC ITEM|LORE ITEM
Warrior,Neck,Burning Affliction I,Aviak Charm,https://eqlwiki.com/Aviak_Charm,,,,,MAGIC ITEM|LORE ITEM|NO DROP
Warrior,Neck,Extended Range I,An Elven Charm Necklace,https://eqlwiki.com/An_Elven_Charm_Necklace,,,,Classic Era,LORE ITEM
Warrior,Neck,Extended Range I,Elven Charm Necklace,https://eqlwiki.com/Elven_Charm_Necklace,,,,Classic Era,
Warrior,Neck,Extended Range I,Glowing Bone Collar,https://eqlwiki.com/Glowing_Bone_Collar,5,25,25,Classic Era,MAGIC ITEM|LORE ITEM
Warrior,Neck,Mana Preservation II,Black Alloy Medallion,https://eqlwiki.com/Black_Alloy_Medallion,6,,,Classic Era,MAGIC ITEM
Warrior,Neck,Spell Haste I,Beaded Slime Necklace,https://eqlwiki.com/Beaded_Slime_Necklace,,,,,
Warrior,Primary,Brass Resonance 14,McVaxius` Horn of War,https://eqlwiki.com/McVaxius`_Horn_of_War,,,,,MAGIC ITEM|LORE ITEM
Warrior,Primary,Improved Healing III,Idol of the Underking,https://eqlwiki.com/Idol_of_the_Underking,,20,20,Classic Era,MAGIC ITEM|LORE ITEM
Warrior,Primary,Percussion Resonance 11,Mistmoore Battle Drums,https://eqlwiki.com/Mistmoore_Battle_Drums,,,,,ATTUNEABLE|PLACEABLE
Warrior,Primary,Percussion Resonance 14,Selo`s Drums of the March,https://eqlwiki.com/Selo`s_Drums_of_the_March,,,,,MAGIC ITEM
Warrior,Primary,String Resonance 11,Gypsy Lute,https://eqlwiki.com/Gypsy_Lute,,,,,
Warrior,Primary,String Resonance 11,Lute of the Gypsy Princess,https://eqlwiki.com/Lute_of_the_Gypsy_Princess,,,,,ATTUNABLE|PLACEABLE
Warrior,Primary,Wind Resonance 10,Minotaur Horn,https://eqlwiki.com/Minotaur_Horn,,,,Classic Era,
Warrior,Range,Improved Healing III,Idol of the Underking,https://eqlwiki.com/Idol_of_the_Underking,,20,20,Classic Era,MAGIC ITEM|LORE ITEM
Warrior,Secondary,Brass Resonance 14,McVaxius` Horn of War,https://eqlwiki.com/McVaxius`_Horn_of_War,,,,,MAGIC ITEM|LORE ITEM
Warrior,Secondary,Brass Resonance 8,Alluring Horn,https://eqlwiki.com/Alluring_Horn,,,,EpicQuests Era,MAGIC ITEM|LORE ITEM|NO DROP
Warrior,Secondary,Improved Damage I,Spiked Buckler,https://eqlwiki.com/Spiked_Buckler,10,,,Classic Era,
Warrior,Secondary,Improved Healing III,Idol of the Underking,https://eqlwiki.com/Idol_of_the_Underking,,20,20,Classic Era,MAGIC ITEM|LORE ITEM
Warrior,Secondary,Mana Preservation I,Testament of Vanear,https://eqlwiki.com/Testament_of_Vanear,,,10,,MAGIC ITEM|LORE ITEM|NO DROP
Warrior,Secondary,Percussion Resonance 11,Mistmoore Battle Drums,https://eqlwiki.com/Mistmoore_Battle_Drums,,,,,ATTUNEABLE|PLACEABLE
Warrior,Secondary,Percussion Resonance 14,Selo`s Drums of the March,https://eqlwiki.com/Selo`s_Drums_of_the_March,,,,,MAGIC ITEM
Warrior,Secondary,String Resonance 10,Mandolin,https://eqlwiki.com/Mandolin,,,,Classic Era,
Warrior,Secondary,String Resonance 11,Gypsy Lute,https://eqlwiki.com/Gypsy_Lute,,,,,
Warrior,Secondary,String Resonance 11,Lute of the Gypsy Princess,https://eqlwiki.com/Lute_of_the_Gypsy_Princess,,,,,ATTUNABLE|PLACEABLE
Warrior,Secondary,Wind Resonance 10,Minotaur Horn,https://eqlwiki.com/Minotaur_Horn,,,,Classic Era,
Warrior,Waist,Burning Affliction II,Reed Belt,https://eqlwiki.com/Reed_Belt,6,10,,Classic Era,MAGIC ITEM
Warrior,Waist,Extended Enhancement II,Drakescale Belt,https://eqlwiki.com/Drakescale_Belt,5,,,Classic Era,
Warrior,Waist,Summoning Haste III,Brell's Girdle,https://eqlwiki.com/Brell's_Girdle,10,,50,Classic Era,MAGIC ITEM|LORE ITEM
Warrior,Wrist,Affliction Efficiency I,Polished Bone Bracelet,https://eqlwiki.com/Polished_Bone_Bracelet,2,,,Classic Era,MAGIC ITEM
Warrior,Wrist,Affliction Efficiency II,Chipped Bone Bracelet,https://eqlwiki.com/Chipped_Bone_Bracelet,4,,,Classic Era,MAGIC ITEM
Warrior,Wrist,Affliction Haste I,Granite Bracer,https://eqlwiki.com/Granite_Bracer,5,,,,MAGIC ITEM
Warrior,Wrist,Burning Affliction II,Serpentine Bracer,https://eqlwiki.com/Serpentine_Bracer,1,,,Classic Era,MAGIC ITEM
Warrior,Wrist,Reagent Conservation I,Happy Love Bracers,https://eqlwiki.com/Happy_Love_Bracers,1,,,,LORE ITEM|NO DROP
Warrior,Wrist,Reagent Conservation II,Amethyst Bracelet,https://eqlwiki.com/Amethyst_Bracelet,5,15,,,MAGIC ITEM
Warrior,Wrist,Reagent Conservation III,Runed Mithril Bracer,https://eqlwiki.com/Runed_Mithril_Bracer,4,,,Classic Era,MAGIC ITEM
Warrior,Wrist,Reanimation Haste I,Ivory Bracelet,https://eqlwiki.com/Ivory_Bracelet,,,20,Classic Era,MAGIC ITEM
Warrior,Wrist,Spell Haste I,Bracelet of Woven Grass,https://eqlwiki.com/Bracelet_of_Woven_Grass,1,12,,,MAGIC ITEM
Wizard,Arms,Burning Affliction I,Hollowed Bone Bracers,https://eqlwiki.com/Hollowed_Bone_Bracers,6,,15,Classic Era,MAGIC ITEM
Wizard,Arms,Enhancement Haste I,Gatorscale Sleeves,https://eqlwiki.com/Gatorscale_Sleeves,6,15,,Classic Era,MAGIC ITEM
Wizard,Arms,Extended Range I,Drake-hide Sleeves,https://eqlwiki.com/Drake-hide_Sleeves,4,10,,Classic Era,MAGIC ITEM
Wizard,Arms,Improved Damage I,Azure Sleeves,https://eqlwiki.com/Azure_Sleeves,12,,,Classic Era,MAGIC ITEM
Wizard,Arms,Mana Preservation I,Platinum Armband,https://eqlwiki.com/Platinum_Armband,,,,Classic Era,MAGIC ITEM
Wizard,Arms,Summoning Efficiency II,Embroidered Black Sleeves,https://eqlwiki.com/Embroidered_Black_Sleeves,4,10,25,,MAGIC ITEM
Wizard,Back,Improved Damage I,Mammoth Hide Cloak,https://eqlwiki.com/Mammoth_Hide_Cloak,7,,,,
Wizard,Back,Improved Damage III,White Dragonscale Cloak,https://eqlwiki.com/White_Dragonscale_Cloak,10,,75,Classic Era,MAGIC ITEM
Wizard,Chest,Affliction Haste II,Green Silken Drape,https://eqlwiki.com/Green_Silken_Drape,8,,,,MAGIC ITEM
Wizard,Chest,Extended Enhancement I,Damask Robe,https://eqlwiki.com/Damask_Robe,6,,,,MAGIC ITEM
Wizard,Chest,Extended Enhancement I,Lockjaw Hide Vest,https://eqlwiki.com/Lockjaw_Hide_Vest,12,,,Classic Era,MAGIC ITEM
Wizard,Chest,Improved Damage I,Robe of the Oracle,https://eqlwiki.com/Robe_of_the_Oracle,9,,25,Classic Era,MAGIC ITEM|LORE ITEM
Wizard,Chest,Minor Improved Damage I,Smoldering Robe,https://eqlwiki.com/Smoldering_Robe,4,,5,Classic Era,NO TRADE|EQUIPPED|LORE
Wizard,Chest,Reagent Conservation III,Robe of the Kedge,https://eqlwiki.com/Robe_of_the_Kedge,8,,100,,MAGIC ITEM|NO DROP
Wizard,Chest,Reanimation Efficiency I,Flowing Black Robe,https://eqlwiki.com/Flowing_Black_Robe,8,,,,MAGIC ITEM|LORE ITEM
Wizard,Chest,Reanimation Efficiency I,Ill-Fitting Robes,https://eqlwiki.com/Ill-Fitting_Robes,,,,,
Wizard,Chest,Reanimation Efficiency III,Robe of the Ishva,https://eqlwiki.com/Robe_of_the_Ishva,8,,50,,MAGIC ITEM|LORE ITEM
Wizard,Chest,Spell Haste II,Mithril-Runed Tunic,https://eqlwiki.com/Mithril-Runed_Tunic,10,,,,MAGIC ITEM
Wizard,Chest,Spell Haste II,Shining Metallic Robes,https://eqlwiki.com/Shining_Metallic_Robes,10,,,,MAGIC ITEM
Wizard,Chest,Spell Haste II,Shiny Robe of the Underfoot,https://eqlwiki.com/Shiny_Robe_of_the_Underfoot,12,,30,Classic Era,MAGIC ITEM|LORE ITEM
Wizard,Chest,Summoning Efficiency I,Gossamer Robe,https://eqlwiki.com/Gossamer_Robe,8,,,,MAGIC ITEM
Wizard,Ear,Affliction Efficiency I,Diamondine Earring,https://eqlwiki.com/Diamondine_Earring,2,12,,Classic Era,MAGIC ITEM
Wizard,Ear,Burning Affliction I,Golden Ear Stud,https://eqlwiki.com/Golden_Ear_Stud,,,,,
Wizard,Ear,Jolum's Abatement,Summoned: Jolum's Shiny Bauble,https://eqlwiki.com/Summoned:_Jolum's_Shiny_Bauble,4,10,10,Classic Era,MAGIC ITEM|TEMPORARY|EQUIPPED|LORE
Wizard,Ear,Jolum's Major Abatement,Summoned: Jolum's Brilliant Bauble,https://eqlwiki.com/Summoned:_Jolum's_Brilliant_Bauble,6,20,20,Classic Era,MAGIC ITEM|TEMPORARY|EQUIPPED|LORE
Wizard,Ear,Jolum's Minor Abatement,Summoned: Jolum's Tarnished Bauble,https://eqlwiki.com/Summoned:_Jolum's_Tarnished_Bauble,2,5,5,Classic Era,MAGIC ITEM|TEMPORARY|EQUIPPED|LORE
Wizard,Ear,Jolum's Superior Abatement,Summoned: Jolum's Glowing Bauble,https://eqlwiki.com/Summoned:_Jolum's_Glowing_Bauble,6,20,20,Velious Era,MAGIC ITEM|TEMPORARY|EQUIPPED|LORE
Wizard,Ear,Mana Preservation I,Polished Bone Hoop,https://eqlwiki.com/Polished_Bone_Hoop,,,10,,
Wizard,Ear,Reagent Conservation I,Batskull Earring,https://eqlwiki.com/Batskull_Earring,,,,Classic Era,MAGIC ITEM
Wizard,Face,Burning Affliction I,Burrowing Goggles,https://eqlwiki.com/Burrowing_Goggles,5,10,,,
Wizard,Face,Improved Damage II,Polished Mithril Mask,https://eqlwiki.com/Polished_Mithril_Mask,5,,,,MAGIC ITEM|LORE ITEM|NO DROP
Wizard,Face,Reanimation Efficiency I,Lizardskin Tribal Mask,https://eqlwiki.com/Lizardskin_Tribal_Mask,3,,,,MAGIC ITEM
Wizard,Face,Reanimation Haste I,Carved Ivory Mask,https://eqlwiki.com/Carved_Ivory_Mask,2,10,,,MAGIC ITEM
Wizard,Feet,Burning Affliction II,Kobold-Hide Boots,https://eqlwiki.com/Kobold-Hide_Boots,5,10,,Classic Era,MAGIC ITEM
Wizard,Feet,Enhancement Haste II,Golden Efreeti Boots,https://eqlwiki.com/Golden_Efreeti_Boots,5,,,Classic Era,MAGIC ITEM
Wizard,Feet,Extended Enhancement I,Bear-hide Boots,https://eqlwiki.com/Bear-hide_Boots,5,,,,
Wizard,Feet,Spell Haste I,Wolf Fur Slippers,https://eqlwiki.com/Wolf_Fur_Slippers,2,,20,Classic Era,MAGIC ITEM
Wizard,Fingers,Affliction Haste I,Ring of Goblin Lords,https://eqlwiki.com/Ring_of_Goblin_Lords,4,,,,LORE ITEM
Wizard,Fingers,Extended Enhancement II,Clawed Knuckle-Ring,https://eqlwiki.com/Clawed_Knuckle-Ring,,20,,,MAGIC ITEM
Wizard,Fingers,Extended Range II,Moonstone Ring,https://eqlwiki.com/Moonstone_Ring,,,30,,MAGIC ITEM
Wizard,Fingers,Naki's Charm of Pernicity,Summoned: Naki's Twisted Ring,https://eqlwiki.com/Summoned:_Naki's_Twisted_Ring,4,10,10,Classic Era,MAGIC ITEM|TEMPORARY|EQUIPPED|LORE
Wizard,Fingers,Naki's Greater Pernicity,Summoned: Naki's Studded Ring,https://eqlwiki.com/Summoned:_Naki's_Studded_Ring,6,20,20,Kunark Era,MAGIC ITEM|TEMPORARY|EQUIPPED|LORE
Wizard,Fingers,Naki's Lesser Pernicity,Summoned: Naki's Tiny Ring,https://eqlwiki.com/Summoned:_Naki's_Tiny_Ring,2,5,5,Classic Era,MAGIC ITEM|TEMPORARY|EQUIPPED|LORE
Wizard,Fingers,Naki's Superior Pernicity,Summoned: Naki's Spiked Ring,https://eqlwiki.com/Summoned:_Naki's_Spiked_Ring,6,20,20,Velious Era,MAGIC ITEM|TEMPORARY|EQUIPPED|LORE
Wizard,Fingers,Reanimation Efficiency II,Platinum Skull Ring,https://eqlwiki.com/Platinum_Skull_Ring,,30,20,,MAGIC ITEM
Wizard,Fingers,Spell Haste II,Djarns Amethyst Ring,https://eqlwiki.com/Djarns_Amethyst_Ring,,80,,,MAGIC ITEM|LORE ITEM
Wizard,Fingers,Summoning Efficiency I,Band of Flesh,https://eqlwiki.com/Band_of_Flesh,,,,,MAGIC ITEM
Wizard,Fingers,Summoning Haste I,Adamantite Band,https://eqlwiki.com/Adamantite_Band,,75,,Classic Era,MAGIC ITEM
Wizard,Hands,Affliction Efficiency I,Impskin Gloves,https://eqlwiki.com/Impskin_Gloves,2,,10,,MAGIC ITEM
Wizard,Hands,Improved Damage I,Lupine Claw Gauntlets,https://eqlwiki.com/Lupine_Claw_Gauntlets,4,,,,MAGIC ITEM
Wizard,Hands,Summoning Efficiency I,Dusty Bloodstained Gloves,https://eqlwiki.com/Dusty_Bloodstained_Gloves,2,,25,,MAGIC ITEM
Wizard,Head,Burning Affliction II,Siryn Hair Hood,https://eqlwiki.com/Siryn_Hair_Hood,5,,,,MAGIC ITEM
Wizard,Head,Burning Affliction III,Cryosilk Cap,https://eqlwiki.com/Cryosilk_Cap,5,10,10,Classic Era,MAGIC ITEM|NO DROP
Wizard,Head,Enhancement Haste I,Cat Skull Cap,https://eqlwiki.com/Cat_Skull_Cap,4,,,Classic Era,MAGIC ITEM|LORE ITEM|NO DROP
Wizard,Head,Enhancement Haste II,Platinum Tiara,https://eqlwiki.com/Platinum_Tiara,3,35,50,,MAGIC ITEM|LORE ITEM
Wizard,Head,Extended Enhancement I,Shazda Turban,https://eqlwiki.com/Shazda_Turban,,,,,MAGIC ITEM|LORE ITEM
Wizard,Head,Extended Enhancement II,Batfang Headband,https://eqlwiki.com/Batfang_Headband,2,,,Classic Era,MAGIC ITEM
Wizard,Head,Improved Healing I,Turtleshell Helm,https://eqlwiki.com/Turtleshell_Helm,5,,,,MAGIC ITEM
Wizard,Head,Mana Preservation II,Mane Attraction,https://eqlwiki.com/Mane_Attraction,4,,,,LORE ITEM|NO DROP
Wizard,Head,Reagent Conservation II,Crown of Leaves,https://eqlwiki.com/Crown_of_Leaves,1,,,,
Wizard,Head,Reagent Conservation II,Fine Silk Turban,https://eqlwiki.com/Fine_Silk_Turban,10,,,,MAGIC ITEM
Wizard,Head,Reagent Conservation II,Savant's Cap,https://eqlwiki.com/Savant's_Cap,2,,,,MAGIC ITEM
Wizard,Head,Reanimation Efficiency II,Runed Cowl,https://eqlwiki.com/Runed_Cowl,2,,,Classic Era,MAGIC ITEM
Wizard,Head,Reanimation Haste I,Nightshade Wreath,https://eqlwiki.com/Nightshade_Wreath,1,,,,MAGIC ITEM
Wizard,Legs,Reagent Conservation I,Drake-hide Leggings,https://eqlwiki.com/Drake-hide_Leggings,5,,,,MAGIC ITEM
Wizard,Legs,Reanimation Haste II,Ishva Mas Leggings,https://eqlwiki.com/Ishva_Mas_Leggings,5,,,Classic Era,ATTUNABLE|EQUIPPED|LORE
Wizard,Neck,Affliction Efficiency II,White Gold Necklace,https://eqlwiki.com/White_Gold_Necklace,,,,,MAGIC ITEM
Wizard,Neck,Affliction Haste II,Chrysoberyl Talisman,https://eqlwiki.com/Chrysoberyl_Talisman,5,,20,,MAGIC ITEM|LORE ITEM
Wizard,Neck,Burning Affliction I,Allize Volew Medicine Bag,https://eqlwiki.com/Allize_Volew_Medicine_Bag,,,,,MAGIC ITEM|LORE ITEM
Wizard,Neck,Burning Affliction I,Aviak Charm,https://eqlwiki.com/Aviak_Charm,,,,,MAGIC ITEM|LORE ITEM|NO DROP
Wizard,Neck,Enhancement Haste I,Cape of Midnight Mist,https://eqlwiki.com/Cape_of_Midnight_Mist,2,,,Classic Era,MAGIC ITEM
Wizard,Neck,Extended Range I,An Elven Charm Necklace,https://eqlwiki.com/An_Elven_Charm_Necklace,,,,Classic Era,LORE ITEM
Wizard,Neck,Extended Range I,Elven Charm Necklace,https://eqlwiki.com/Elven_Charm_Necklace,,,,Classic Era,
Wizard,Neck,Extended Range I,Glowing Bone Collar,https://eqlwiki.com/Glowing_Bone_Collar,5,25,25,Classic Era,MAGIC ITEM|LORE ITEM
Wizard,Neck,Jedah's Conservation,Summoned: Jedah's Silver Choker,https://eqlwiki.com/Summoned:_Jedah's_Silver_Choker,5,10,10,,MAGIC ITEM|TEMPORARY|EQUIPPED|LORE
Wizard,Neck,Jedah's Greater Conservation,Summoned: Jedah's Golden Choker,https://eqlwiki.com/Summoned:_Jedah's_Golden_Choker,8,20,20,,MAGIC ITEM|TEMPORARY|EQUIPPED|LORE
Wizard,Neck,Jedah's Lesser Conservation,Summoned: Jedah's Brass Choker,https://eqlwiki.com/Summoned:_Jedah's_Brass_Choker,2,5,5,,MAGIC ITEM|TEMPORARY|EQUIPPED|LORE
Wizard,Neck,Jedah's Superior Conservation,Summoned: Jedah's Platinum Choker,https://eqlwiki.com/Summoned:_Jedah's_Platinum_Choker,8,20,20,Velious Era,MAGIC ITEM|TEMPORARY|EQUIPPED|LORE
Wizard,Neck,Mana Preservation II,Black Alloy Medallion,https://eqlwiki.com/Black_Alloy_Medallion,6,,,Classic Era,MAGIC ITEM
Wizard,Neck,Spell Haste I,Beaded Slime Necklace,https://eqlwiki.com/Beaded_Slime_Necklace,,,,,
Wizard,Primary,Brass Resonance 14,McVaxius` Horn of War,https://eqlwiki.com/McVaxius`_Horn_of_War,,,,,MAGIC ITEM|LORE ITEM
Wizard,Primary,Burning Affliction II,Black Tome with Silver Runes,https://eqlwiki.com/Black_Tome_with_Silver_Runes,,,30,Classic Era,MAGIC ITEM
Wizard,Primary,Improved Healing III,Idol of the Underking,https://eqlwiki.com/Idol_of_the_Underking,,20,20,Classic Era,MAGIC ITEM|LORE ITEM
Wizard,Primary,Percussion Resonance 11,Mistmoore Battle Drums,https://eqlwiki.com/Mistmoore_Battle_Drums,,,,,ATTUNEABLE|PLACEABLE
Wizard,Primary,Percussion Resonance 14,Selo`s Drums of the March,https://eqlwiki.com/Selo`s_Drums_of_the_March,,,,,MAGIC ITEM
Wizard,Primary,Reagent Conservation I,The Artist's Brush,https://eqlwiki.com/The_Artist's_Brush,,,10,,
Wizard,Primary,String Resonance 11,Gypsy Lute,https://eqlwiki.com/Gypsy_Lute,,,,,
Wizard,Primary,String Resonance 11,Lute of the Gypsy Princess,https://eqlwiki.com/Lute_of_the_Gypsy_Princess,,,,,ATTUNABLE|PLACEABLE
Wizard,Primary,Wind Resonance 10,Minotaur Horn,https://eqlwiki.com/Minotaur_Horn,,,,Classic Era,
Wizard,Range,Improved Healing III,Idol of the Underking,https://eqlwiki.com/Idol_of_the_Underking,,20,20,Classic Era,MAGIC ITEM|LORE ITEM
Wizard,Range,Reagent Conservation I,The Artist's Brush,https://eqlwiki.com/The_Artist's_Brush,,,10,,
Wizard,Secondary,Brass Resonance 14,McVaxius` Horn of War,https://eqlwiki.com/McVaxius`_Horn_of_War,,,,,MAGIC ITEM|LORE ITEM
Wizard,Secondary,Brass Resonance 8,Alluring Horn,https://eqlwiki.com/Alluring_Horn,,,,EpicQuests Era,MAGIC ITEM|LORE ITEM|NO DROP
Wizard,Secondary,Extended Enhancement III,Rokyls Channelling Crystal,https://eqlwiki.com/Rokyls_Channelling_Crystal,10,50,50,,MAGIC ITEM|LORE ITEM
Wizard,Secondary,Improved Healing III,Idol of the Underking,https://eqlwiki.com/Idol_of_the_Underking,,20,20,Classic Era,MAGIC ITEM|LORE ITEM
Wizard,Secondary,Mana Preservation I,Testament of Vanear,https://eqlwiki.com/Testament_of_Vanear,,,10,,MAGIC ITEM|LORE ITEM|NO DROP
Wizard,Secondary,Percussion Resonance 11,Mistmoore Battle Drums,https://eqlwiki.com/Mistmoore_Battle_Drums,,,,,ATTUNEABLE|PLACEABLE
Wizard,Secondary,Percussion Resonance 14,Selo`s Drums of the March,https://eqlwiki.com/Selo`s_Drums_of_the_March,,,,,MAGIC ITEM
Wizard,Secondary,Reagent Conservation I,The Artist's Brush,https://eqlwiki.com/The_Artist's_Brush,,,10,,
Wizard,Secondary,String Resonance 10,Mandolin,https://eqlwiki.com/Mandolin,,,,Classic Era,
Wizard,Secondary,String Resonance 11,Gypsy Lute,https://eqlwiki.com/Gypsy_Lute,,,,,
Wizard,Secondary,String Resonance 11,Lute of the Gypsy Princess,https://eqlwiki.com/Lute_of_the_Gypsy_Princess,,,,,ATTUNABLE|PLACEABLE
Wizard,Secondary,Summoning Haste I,A Shimmering Orb,https://eqlwiki.com/A_Shimmering_Orb,15,20,,Classic Era,MAGIC ITEM|LORE ITEM
Wizard,Secondary,Wind Resonance 10,Minotaur Horn,https://eqlwiki.com/Minotaur_Horn,,,,Classic Era,
Wizard,Shoulders,Affliction Efficiency II,Squallsurge Shawl,https://eqlwiki.com/Squallsurge_Shawl,5,,50,,MAGIC ITEM
Wizard,Shoulders,Spell Haste I,Gilded Cloth,https://eqlwiki.com/Gilded_Cloth,3,,,,MAGIC ITEM
Wizard,Shoulders,Tavee's Charm of Diuturnity,Summoned: Tavee's Leather Mantle,https://eqlwiki.com/Summoned:_Tavee's_Leather_Mantle,6,10,10,Classic Era,MAGIC ITEM|TEMPORARY|EQUIPPED|LORE
Wizard,Shoulders,Tavee's Greater Diuturnity,Summoned: Tavee's Silken Mantle,https://eqlwiki.com/Summoned:_Tavee's_Silken_Mantle,9,20,20,Kunark Era,MAGIC ITEM|TEMPORARY|EQUIPPED|LORE
Wizard,Shoulders,Tavee's Lesser Diuturnity,Summoned: Tavee's Linen Mantle,https://eqlwiki.com/Summoned:_Tavee's_Linen_Mantle,3,5,5,Classic Era,MAGIC ITEM|TEMPORARY|EQUIPPED|LORE
Wizard,Shoulders,Tavee's Superior Diuturnity,Summoned: Tavee's Runed Mantle,https://eqlwiki.com/Summoned:_Tavee's_Runed_Mantle,9,20,20,Velious Era,MAGIC ITEM|TEMPORARY|EQUIPPED|LORE
Wizard,Waist,Burning Affliction II,Reed Belt,https://eqlwiki.com/Reed_Belt,6,10,,Classic Era,MAGIC ITEM
Wizard,Waist,Burning Affliction III,Bone-Clasped Girdle,https://eqlwiki.com/Bone-Clasped_Girdle,4,75,75,Classic Era,MAGIC ITEM
Wizard,Waist,Extended Enhancement II,Drakescale Belt,https://eqlwiki.com/Drakescale_Belt,5,,,Classic Era,
Wizard,Waist,Extended Range III,Cryosilk Sash,https://eqlwiki.com/Cryosilk_Sash,4,,10,Fear Era,MAGIC ITEM|NO DROP
Wizard,Waist,Reanimation Haste III,Grotesque Girdle,https://eqlwiki.com/Grotesque_Girdle,8,100,100,FearHateRevamp Era,MAGIC ITEM|LORE ITEM|NO DROP
Wizard,Waist,Summoning Haste III,Brell's Girdle,https://eqlwiki.com/Brell's_Girdle,10,,50,Classic Era,MAGIC ITEM|LORE ITEM
Wizard,Wrist,Affliction Efficiency I,Polished Bone Bracelet,https://eqlwiki.com/Polished_Bone_Bracelet,2,,,Classic Era,MAGIC ITEM
Wizard,Wrist,Affliction Efficiency II,Chipped Bone Bracelet,https://eqlwiki.com/Chipped_Bone_Bracelet,4,,,Classic Era,MAGIC ITEM
Wizard,Wrist,Affliction Haste I,Granite Bracer,https://eqlwiki.com/Granite_Bracer,5,,,,MAGIC ITEM
Wizard,Wrist,Burning Affliction I,Summoned: Rallican's Wooden Bracelet,https://eqlwiki.com/Summoned:_Rallican's_Wooden_Bracelet,4,5,5,Classic Era,MAGIC ITEM|TEMPORARY|EQUIPPED|LORE
Wizard,Wrist,Burning Affliction II,Serpentine Bracer,https://eqlwiki.com/Serpentine_Bracer,1,,,Classic Era,MAGIC ITEM
Wizard,Wrist,Burning Affliction II,Summoned: Rallican's Stone Bracelet,https://eqlwiki.com/Summoned:_Rallican's_Stone_Bracelet,6,10,10,Classic Era,MAGIC ITEM|TEMPORARY|EQUIPPED|LORE
Wizard,Wrist,Burning Affliction III,Summoned: Rallican's Iron Bracelet,https://eqlwiki.com/Summoned:_Rallican's_Iron_Bracelet,8,20,20,Kunark Era,MAGIC ITEM|TEMPORARY|EQUIPPED|LORE
Wizard,Wrist,Burning Affliction IV,Summoned: Rallican's Steel Bracelet,https://eqlwiki.com/Summoned:_Rallican's_Steel_Bracelet,8,20,20,Velious Era,MAGIC ITEM|TEMPORARY|EQUIPPED|LORE
Wizard,Wrist,Gallenite's Chaos,Summoned: Gallenite's Sapphire Bracelet,https://eqlwiki.com/Summoned:_Gallenite's_Sapphire_Bracelet,8,20,20,Velious Era,MAGIC ITEM|TEMPORARY|EQUIPPED|LORE
Wizard,Wrist,Gallenite's Destruction,Summoned: Gallenite's Opal Bracelet,https://eqlwiki.com/Summoned:_Gallenite's_Opal_Bracelet,6,10,10,Classic Era,MAGIC ITEM|TEMPORARY|EQUIPPED|LORE
Wizard,Wrist,Gallenite's Major Destruction,Summoned: Gallenite's Ruby Bracelet,https://eqlwiki.com/Summoned:_Gallenite's_Ruby_Bracelet,8,20,20,Kunark Era,MAGIC ITEM|TEMPORARY|EQUIPPED|LORE
Wizard,Wrist,Gallenite's Minor Destruction,Summoned: Gallenite's Jade Bracelet,https://eqlwiki.com/Summoned:_Gallenite's_Jade_Bracelet,4,5,5,Classic Era,MAGIC ITEM|TEMPORARY|EQUIPPED|LORE
Wizard,Wrist,Reagent Conservation I,Happy Love Bracers,https://eqlwiki.com/Happy_Love_Bracers,1,,,,LORE ITEM|NO DROP
Wizard,Wrist,Reagent Conservation II,Amethyst Bracelet,https://eqlwiki.com/Amethyst_Bracelet,5,15,,,MAGIC ITEM
Wizard,Wrist,Reagent Conservation III,Runed Mithril Bracer,https://eqlwiki.com/Runed_Mithril_Bracer,4,,,Classic Era,MAGIC ITEM
Wizard,Wrist,Reanimation Haste I,Ivory Bracelet,https://eqlwiki.com/Ivory_Bracelet,,,20,Classic Era,MAGIC ITEM
Wizard,Wrist,Spell Haste I,Bracelet of Woven Grass,https://eqlwiki.com/Bracelet_of_Woven_Grass,1,12,,,MAGIC ITEM
